Hash,kingdom,phylum,class,order,family,genus,species
001d9605ac783ddb39b4a645d50de2fb4225cd59,Metazoa,Porifera,Demospongiae,Haplosclerida,Chalinidae,Haliclona,NA
00cccf4070b804467bf67fac175130e0923db9a0,Metazoa,Porifera,Demospongiae,Haplosclerida,Chalinidae,Haliclona,NA
0141257598f1e7d0f19a19309f8ed5299dfbc439,Metazoa,Annelida,Polychaeta,Terebellida,Cirratulidae,Cirriformia,NA
027b8e1cbde736d8654282df44628163a9db6789,Metazoa,Porifera,Demospongiae,Haplosclerida,Chalinidae,Haliclona,NA
02e4a9a1b2e581a39e471db32588d9bda2de9cea,Metazoa,Mollusca,Gastropoda,NA,Cerithiidae,Bittium,Bittium reticulatum
04084cbeccbd11ae669b672d2bfc4b556fd0f53d,Metazoa,Porifera,Demospongiae,Poecilosclerida,Mycalidae,Mycale,Mycale fibrexilis
04783732ca9be76403ddc371584119f08c1f6efc,Metazoa,Porifera,Demospongiae,Haplosclerida,Chalinidae,Haliclona,NA
057d9f6b26c573469975eb58de81a6d34cb89440,Metazoa,Annelida,Polychaeta,Terebellida,Terebellidae,Terebella,Terebella lapidaria
05bdb334e9055cbfb1874b47ddf88f30149d1086,Metazoa,Cnidaria,Hydrozoa,Leptothecata,Clytiidae,Clytia,Clytia gracilis
0775e4459006794af00357d1ee608a2def148208,NA,Pseudomonadota,Gammaproteobacteria,Alteromonadales,Alteromonadaceae,Alteromonas,NA
0b931052f0fa2b5eedb3989be409f687bd532f0d,Metazoa,Annelida,Polychaeta,Sabellida,Serpulidae,Hydroides,Hydroides elegans
0c831ce57a02affba9da3fa2966434de96462459,Metazoa,Mollusca,Gastropoda,Cephalaspidea,Haminoeidae,Haminoea,Haminoea orbignyana
0cc4a79a4888897dd4429c8343661a08a8f322fd,Metazoa,Porifera,Demospongiae,Haplosclerida,Chalinidae,Haliclona,Haliclona aff. aquaeductus
0cdfab9f736e44f965ca8375f5fe7a9ea89c3bc4,NA,Bacillariophyta,Bacillariophyceae,Naviculales,Pleurosigmataceae,Pleurosigma,NA
0d12c1f60c1ed4f8417e5febb3b402f962f55ecb,Metazoa,Mollusca,Bivalvia,Mytilida,Mytilidae,Mytilaster,Mytilaster solidus
0d6ed91e57607e2c7d0dd0f77fedcbf71d662803,Metazoa,Porifera,Demospongiae,Haplosclerida,Chalinidae,Haliclona,NA
0dca746a577a8880c01f1b68aede00b95a303c77,Metazoa,Chordata,Actinopteri,Mugiliformes,Mugilidae,Mugil,Mugil cephalus
0e91f803c6f6f4c596dc57501bf7294df9fc4028,Metazoa,Mollusca,Gastropoda,NA,Cerithiidae,Bittium,Bittium reticulatum
0f14f9dbe59f5bcf3165e095faf76d8f6f2fb414,NA,NA,Dinophyceae,Prorocentrales,Prorocentraceae,Prorocentrum,NA
0ff116dc6f98ce4cfbcf8bad771607c4ebfec7f3,Metazoa,Porifera,Demospongiae,Poecilosclerida,Mycalidae,Mycale,Mycale fibrexilis
10bf8e709909a166ab6b79d9d7e45c837a01ee4f,Metazoa,Porifera,Demospongiae,Haplosclerida,Petrosiidae,Neopetrosia,NA
10c11a8f9ac136a17dbdf18c96ef3ce955646146,Metazoa,Porifera,Demospongiae,Haplosclerida,Chalinidae,Haliclona,NA
10f12e7e78d9e2032c6f0a32ed8b22dc55a985fc,Metazoa,Porifera,Demospongiae,Suberitida,Suberitidae,Protosuberites,Protosuberites denhartogi
118bd167ceb629ff4bc865d42feac8dc5e772a05,Viridiplantae,Chlorophyta,Ulvophyceae,Dasycladales,Polyphysaceae,Acetabularia,Acetabularia caliculus
12332c0183e2760e996e7aeb264221d0c454aab4,Metazoa,Porifera,Demospongiae,Haplosclerida,Chalinidae,Haliclona,Haliclona aff. aquaeductus
12a4852b8dae2740ed1417e93653e3e5d2ee140a,NA,NA,Dinophyceae,NA,NA,NA,NA
1385dce1b4106ec168b930fa6aae99b94b7edd40,Metazoa,Mollusca,Gastropoda,NA,Cerithiidae,Bittium,Bittium reticulatum
149f9bcec08aceb661a72659b126a71e4c25788f,NA,Pseudomonadota,Alphaproteobacteria,Pelagibacterales,Pelagibacteraceae,Candidatus Pelagibacter,NA
16414c7f4f322d0e22f3a5ab76df52ac5e6c003d,Metazoa,Cnidaria,Hydrozoa,Anthoathecata,Bougainvilliidae,Bougainvillia,NA
164bef28dd9f590b1ee6de92ef4be85389cce9fb,Metazoa,Porifera,Demospongiae,Haplosclerida,Chalinidae,Haliclona,NA
175d171a8e2533ff430f8fa7c6b897f4343714a5,NA,Bacillariophyta,Bacillariophyceae,Bacillariales,Bacillariaceae,Cylindrotheca,NA
17c5572e2df8982db28c9dea934d0c8475be6056,Metazoa,Porifera,Demospongiae,Haplosclerida,Chalinidae,Haliclona,Haliclona aff. aquaeductus
1874355f85a04345e2d31599a6bac8f2746ee960,Metazoa,Porifera,Demospongiae,Haplosclerida,Chalinidae,Haliclona,NA
1a37178a81268f493144a8b18a53051d736cfaac,Metazoa,Porifera,Demospongiae,Haplosclerida,Chalinidae,Haliclona,NA
1afb18a2f7762620d3aee8fe6f7493a1dded3eff,Metazoa,Arthropoda,Thecostraca,Balanomorpha,Balanidae,Amphibalanus,Amphibalanus amphitrite
1bc81e8eb30453621d59f6a85327b76b2f546af9,NA,Bacillariophyta,Bacillariophyceae,Naviculales,Naviculaceae,Navicula,NA
1c135ff658e75f8ca281c1af194a490e9a545f4c,NA,Cyanobacteriota,Cyanophyceae,Synechococcales,Synechococcaceae,Synechococcus,NA
1d2a85783cdc669b4d30b47da70c81e774afe1ee,Metazoa,Porifera,Demospongiae,Haplosclerida,Chalinidae,Haliclona,NA
1d9432c88d24ab5ccddf6afd1431d11d75e22568,NA,NA,Dinophyceae,NA,NA,NA,NA
1dbc86d67295c0e72afdfb00d7d89771966ea6f3,Fungi,Basidiomycota,Microbotryomycetes,Sporidiobolales,Sporidiobolaceae,Rhodotorula,Rhodotorula mucilaginosa
1deaf80c1e2ad0eaf1eb7e535b42e1f136a6f3c4,Metazoa,Porifera,Demospongiae,Haplosclerida,Chalinidae,Haliclona,Haliclona aff. aquaeductus
1dfd145b3da5cde6602ec6165120eeaff0105e92,NA,Cercozoa,Chlorarachniophyceae,NA,NA,Bigelowiella,NA
1e573563d6cc64aabcdeaf4ac06c95b646cdefbc,Metazoa,Porifera,Demospongiae,Haplosclerida,Chalinidae,Haliclona,NA
20156e4277981f1c053365ad675a12d98324282c,Metazoa,Mollusca,Gastropoda,NA,Cerithiidae,Bittium,Bittium reticulatum
20334d4c2251fca323fa539184bbad3b02d81d1d,Metazoa,Porifera,Demospongiae,Haplosclerida,Chalinidae,Haliclona,NA
211c30e056088bf761dfb895a6a7b6a3abc476ad,NA,NA,Dinophyceae,Gymnodiniales,Gymnodiniaceae,Margalefidinium,Margalefidinium polykrikoides
214ac32ccfdc8e14f6bf294ca0890999b27187cd,Metazoa,Cnidaria,Anthozoa,Actiniaria,Aiptasiidae,Exaiptasia,Exaiptasia diaphana
216cb508085fdf2db30a3dd37a334090dd22b7aa,Metazoa,Annelida,Polychaeta,Sabellida,Serpulidae,Hydroides,Hydroides elegans
22af39e707e418e7f57387a0fd471754bfb4a94f,NA,Bacillariophyta,Coscinodiscophyceae,Stephanodiscales,Stephanodiscaceae,Cyclotella,NA
22b9e609d68980f85857bc20b9116feb5320e6c2,Metazoa,Porifera,Demospongiae,Haplosclerida,Chalinidae,NA,NA
24d39a8b19991ab383141ae1ba22462de7844f82,Metazoa,Arthropoda,Ostracoda,Podocopida,Cytherideidae,Cyprideis,NA
258d599a2f018553a942e224ab00be50991b0405,Metazoa,Chordata,Actinopteri,Syngnathiformes,Syngnathidae,Syngnathus,NA
25a7f91c008a9a1edbd8f30bc6147295e5a5a739,Metazoa,Annelida,Polychaeta,Terebellida,Terebellidae,Terebella,Terebella lapidaria
270d6034aee5b88539b5cfb2c0b92a9ce70dd657,Metazoa,Mollusca,Bivalvia,Lucinida,Lucinidae,Loripes,Loripes lacteus
29176142eb7cb049c81e7c5bb501f2c83e54e20b,Metazoa,Annelida,Polychaeta,Sabellida,Serpulidae,Hydroides,Hydroides elegans
29b6be76cf3b90d662958bc53ca7db5b99a4bb5a,NA,Pseudomonadota,Alphaproteobacteria,Pelagibacterales,Pelagibacteraceae,Candidatus Pelagibacter,NA
2a527ae38c02a1bc71b6b59595a78363d05f743b,Metazoa,Mollusca,Bivalvia,Venerida,Veneridae,Polititapes,Polititapes aureus
2b7552795e311e3f5b47215e9d4f0f5846a96788,Metazoa,Chordata,Ascidiacea,Phlebobranchia,Perophoridae,Ecteinascidia,Ecteinascidia turbinata
2b8d3a557bd5779dffc128300e8a4d3645d8562d,Metazoa,Porifera,Demospongiae,Haplosclerida,Chalinidae,Haliclona,NA
2c2717c04bd4440f1451caa78d58559540b5fa02,Metazoa,Porifera,Demospongiae,Haplosclerida,Chalinidae,Haliclona,NA
2da7673cbdaaf24cc267945529a262683f7fe72f,Metazoa,Chordata,Actinopteri,Cichliformes,Cichlidae,Hypsophrys,Hypsophrys nematopus
2dc3f86d309dae2158d42962167d7b32d1831609,Metazoa,Porifera,Demospongiae,Haplosclerida,Chalinidae,NA,NA
2e6a0c5b4ba4722d9fbe593b45da66e5a77e06b1,Metazoa,Porifera,Demospongiae,Haplosclerida,Petrosiidae,Neopetrosia,NA
2ee5f09d32da1b52cee596ce4000a92b2667f661,Metazoa,Porifera,Demospongiae,Suberitida,Suberitidae,NA,NA
2fd801af4d64b4c02b2392824f5009cc558eac97,Metazoa,Porifera,Demospongiae,Haplosclerida,Chalinidae,Haliclona,NA
30a20f310a2a7e88a69d7502a960af38e0686a1b,Metazoa,Chordata,Ascidiacea,Stolidobranchia,Styelidae,Botrylloides,NA
31728ed5003ffcb79791cc263b7f70a3beebe62d,Metazoa,Porifera,Demospongiae,Haplosclerida,Chalinidae,Haliclona,NA
33242c33f1aa39f24c752a4d670c360bde95c296,Metazoa,Mollusca,Bivalvia,Cardiida,Semelidae,Abra,Abra alba
34d714f422dfcbf024187dcdc173fd8b1ebc850f,NA,Bacillariophyta,Coscinodiscophyceae,Chaetocerotales,Chaetocerotaceae,Chaetoceros,NA
354a789b0fdd4d7424ecd04252f00650b88620fe,Metazoa,Porifera,Demospongiae,Haplosclerida,Chalinidae,Haliclona,NA
357d3fec9fc3fed64b63c21c58361479514df96e,Metazoa,Chordata,Actinopteri,Cichliformes,Cichlidae,Hypsophrys,Hypsophrys nematopus
359333bcc6f320ac45877c6a527099076c8d914f,NA,Bacillariophyta,Bacillariophyceae,Bacillariales,Bacillariaceae,Nitzschia,NA
35d9006885f36268ec869bdc050718f35345766b,Metazoa,Annelida,Polychaeta,NA,Orbiniidae,Phylo,NA
361bcc3683c5758710e3d55af1be7b35bc73a2f7,Metazoa,Porifera,Demospongiae,Haplosclerida,Chalinidae,Cladocroce,NA
3684fabf0fe9091b592c3ee82e043e5df8635acc,NA,Bacteroidota,Flavobacteriia,Flavobacteriales,Flavobacteriaceae,Polaribacter,NA
36aab71474a879a880b768b04bedb8d34ddd67f2,Metazoa,Chordata,Actinopteri,NA,NA,NA,NA
3718bfada8c87b764667904b90c155ca00a55442,NA,Bacillariophyta,Bacillariophyceae,Naviculales,Naviculaceae,Navicula,NA
37945cce4dc5c8f6f309257f03e9f8b14f5a7cb1,Metazoa,Porifera,Demospongiae,Haplosclerida,Chalinidae,Haliclona,Haliclona aff. aquaeductus
38118dd1c815ffcc336e2b4edc99c72f6ae6cef6,Metazoa,Porifera,Demospongiae,Haplosclerida,Chalinidae,Haliclona,NA
38394c020c1c9b069c56eb40a6f9de5e5270cfe3,Metazoa,Porifera,Demospongiae,Haplosclerida,Chalinidae,Haliclona,NA
3874888f129e7d90352252d9e6aa9a1bd1a11189,Metazoa,Annelida,Polychaeta,Terebellida,Terebellidae,Terebella,Terebella lapidaria
387b42be70478e949dd165656fda0db718d87c38,NA,Bacillariophyta,Coscinodiscophyceae,Thalassiosirales,Thalassiosiraceae,Thalassiosira,Thalassiosira profunda
38a277e68e0e3518e751ddc143539b20cf8cae1c,NA,Pseudomonadota,Alphaproteobacteria,Pelagibacterales,Pelagibacteraceae,Candidatus Pelagibacter,NA
39f4ddce7318a987bb24d1e836ae481ec523c1ec,Metazoa,Porifera,Demospongiae,Haplosclerida,Chalinidae,NA,NA
3ad71ff2d911cce5f081f5d3fa9d3f811152a992,Metazoa,Porifera,Demospongiae,Haplosclerida,Chalinidae,Haliclona,Haliclona aff. aquaeductus
3b238125e4519275384bb16a06392111eed7748b,Metazoa,Echinodermata,Holothuroidea,Aspidochirotida,Holothuriidae,Holothuria,Holothuria poli
3c0c75779e970ea757319cfba78eb96bda9af746,Metazoa,Mollusca,Bivalvia,Myida,Pholadidae,Pholas,Pholas dactylus
3caee04f0aad6986cb971967a2ad201ec7c1ee03,Metazoa,Cnidaria,Anthozoa,Actiniaria,NA,NA,NA
3dd0bd72ee1d6409da0948b37275b958c202c531,Metazoa,Annelida,Polychaeta,Terebellida,Terebellidae,Terebella,Terebella lapidaria
3e7392183a0b998f2a053a4e27e4c06b18b66278,Metazoa,Mollusca,Bivalvia,Lucinida,Lucinidae,Loripes,Loripes lacteus
3e84f9451ebb54926abca5b25912f8518e5a596a,Metazoa,Chordata,Actinopteri,Cichliformes,Cichlidae,Hypsophrys,Hypsophrys nematopus
3f4b4fa9d15712320fad930a8963430164a4f452,NA,NA,Cryptophyceae,Cyathomonadacea,NA,Hemiarma,Hemiarma marina
40688ec8f040c2c4c6b26d73da8cf7ac06069cab,Metazoa,Porifera,Demospongiae,Haplosclerida,Chalinidae,Haliclona,NA
429d09fc9ebe4470114cd0387f6e991c0213fa0d,Metazoa,Annelida,Polychaeta,Sabellida,Serpulidae,Hydroides,Hydroides elegans
439fdac0e8f01ad01e3e8086047197c6939eff87,Metazoa,Porifera,Demospongiae,Haplosclerida,Chalinidae,Haliclona,NA
44bb1c7001b8f434f42c24bdceb37e5aeccb921d,Metazoa,Porifera,Demospongiae,Haplosclerida,Chalinidae,Haliclona,NA
44f249cc2e01a3617ba7b0abcb0c5de5c232e808,NA,Pseudomonadota,Alphaproteobacteria,Pelagibacterales,Pelagibacteraceae,Candidatus Pelagibacter,NA
45e4b39706bd1a31b7ca4ec54e548bb9112f6f5d,Metazoa,Porifera,Demospongiae,Haplosclerida,Chalinidae,Haliclona,NA
46921908b83c85e87150a36cc60aa94f9c866f7e,Metazoa,Porifera,Demospongiae,Haplosclerida,Chalinidae,Haliclona,NA
46e537da871a994d1dd81487cb01b50ccac265e0,Metazoa,Porifera,Demospongiae,Dictyoceratida,Dysideidae,NA,NA
472e5e46485d66bfa80b3a71c837747acf96bae8,Metazoa,Echinodermata,Holothuroidea,Aspidochirotida,Holothuriidae,Holothuria,Holothuria poli
47710a4c858c6d8788d5a6b0a8724507edf02716,Metazoa,Mollusca,Bivalvia,Mytilida,Mytilidae,Mytilaster,Mytilaster minimus
4788bbec62042d8240e6d16d1698832229753736,Metazoa,Porifera,Demospongiae,Haplosclerida,Chalinidae,Haliclona,NA
48b573f5d08d48734efed4969feddba6834b8fe6,Metazoa,Chordata,Actinopteri,NA,NA,NA,NA
48efa9a866cb13714f28af048a3675439791cde1,Metazoa,Mollusca,Bivalvia,Ostreida,Ostreidae,Ostrea,NA
4925b622dcccfddb9324a288d8dea1b3b82b7f13,Metazoa,Porifera,Demospongiae,Haplosclerida,Chalinidae,Cladocroce,NA
4937785454ed01ef38507c962fa196f9dfab7bf6,NA,NA,Dinophyceae,Prorocentrales,Prorocentraceae,Prorocentrum,Prorocentrum minimum
4991512285ddba5627b8b6a6b281ad62d9972ed7,NA,Bacteroidota,Flavobacteriia,Flavobacteriales,Cryomorphaceae,NA,NA
49d6b08b3772730bcf3a12e1e25439da6665b5e4,Metazoa,Cnidaria,Anthozoa,Actiniaria,Aiptasiidae,Exaiptasia,Exaiptasia diaphana
49ed5e062b4f5c4729ba7abd7918d6041313d732,Metazoa,Annelida,Polychaeta,Terebellida,Terebellidae,Scionides,Scionides reticulata
4a787cd852b63d3dd10166174c39b2fe8dadd4d4,Metazoa,Porifera,Demospongiae,Haplosclerida,Chalinidae,Haliclona,Haliclona aff. aquaeductus
4aaa31c5ebcfb0ed624ea6bf2d32dbc79f1b8fc5,Metazoa,Chordata,Mammalia,Artiodactyla,Suidae,Sus,Sus scrofa
4aaed0b998f99252a285048cc8fd1bf2bceadb17,NA,Bacillariophyta,Coscinodiscophyceae,Thalassiosirales,Thalassiosiraceae,Thalassiosira,Thalassiosira profunda
4b3a61316f62c3e3d8fb488a88d7ec9a8f00f01d,Metazoa,Cnidaria,Hydrozoa,Leptothecata,Kirchenpaueriidae,Kirchenpaueria,NA
4baa3bce8941401a51e7ca21e758e1de8942f42c,Metazoa,Porifera,Demospongiae,Haplosclerida,Chalinidae,NA,NA
4c28e1e6d8f26cf12e61c3bc91b2a9f88481d9fc,NA,Bacillariophyta,Bacillariophyceae,Bacillariales,Bacillariaceae,Nitzschia,NA
4c3aa5747cfa8292303585a4621508ac75df04d7,Metazoa,Porifera,Demospongiae,Haplosclerida,Chalinidae,Haliclona,Haliclona aff. aquaeductus
4ccf98f1b95c18f3004aff76fea314743814a663,Metazoa,Porifera,Demospongiae,Haplosclerida,Chalinidae,Haliclona,NA
4cd7971d16ea74271328d806497e4d331d998a11,Metazoa,Arthropoda,Thecostraca,Balanomorpha,Balanidae,Amphibalanus,Amphibalanus amphitrite
4cee6618b726605bbd04af9918a180f46356952d,Metazoa,Porifera,Demospongiae,Poecilosclerida,Mycalidae,Mycale,NA
4dc0ee4a0d2a75ad2aed8153ac123cce34e48346,NA,NA,NA,NA,NA,NA,NA
4eca05b93cf12590389a7dff550f8802a1cf511b,Metazoa,Porifera,Demospongiae,Haplosclerida,Chalinidae,Haliclona,NA
503055b3056733c050fb9af527ec1c4d26c0f91c,NA,Bacillariophyta,Bacillariophyceae,Bacillariales,Bacillariaceae,Cylindrotheca,NA
508712f880f44010be9bbc79570d952c4b5e6a51,Metazoa,Porifera,Demospongiae,Poecilosclerida,Mycalidae,Mycale,Mycale fibrexilis
51e417e754a8aa74b59e8c16b01c6e5d45136e0c,Metazoa,Bryozoa,Gymnolaemata,Ctenostomatida,Vesiculariidae,Amathia,NA
5228a5014cbfdac61eb72010362e14669cc53d1a,NA,Cercozoa,Chlorarachniophyceae,NA,NA,Chlorarachnion,Chlorarachnion reptans
541a4540aad99050ec60ea92b78fdf35f2d5c27c,Metazoa,Arthropoda,Thecostraca,Balanomorpha,Balanidae,Amphibalanus,Amphibalanus amphitrite
54992866c2c6167238237179af56ebe49f8046de,Metazoa,Porifera,Demospongiae,Haplosclerida,Chalinidae,Haliclona,NA
55ba6fa099e6125980a317ec559425a4ccf4defd,Metazoa,Porifera,Demospongiae,Haplosclerida,Chalinidae,Haliclona,NA
55c4ecfca846c74e88646cbfe3c18ee391d1282a,NA,Bacillariophyta,Bacillariophyceae,Bacillariales,Bacillariaceae,Cylindrotheca,NA
55eef6b5e53128f5d123d8a4ad03eed6f390f23c,NA,NA,Dinophyceae,NA,NA,Levanderina,Levanderina fissa
56d7869e5efe0348ffb0558aa859321ab44c8d17,Metazoa,Chordata,Ascidiacea,Stolidobranchia,Styelidae,Styela,Styela canopus
5746c636622cfbd5ac03ff01f8ba13e6ba10a94e,Metazoa,Porifera,Demospongiae,Haplosclerida,Chalinidae,Haliclona,Haliclona aff. aquaeductus
57511e409276b9a425fb52dee0340cb4c29e56e8,Metazoa,Mollusca,Bivalvia,Mytilida,Mytilidae,Mytilaster,Mytilaster minimus
57918888e3d9ec8176e6590f38156724a36e39b6,Metazoa,Porifera,Demospongiae,Poecilosclerida,Mycalidae,Mycale,Mycale fibrexilis
58ef9f779bf2cfd68f71bec8e95a9f4eaca33340,Metazoa,Porifera,Demospongiae,Haplosclerida,Chalinidae,Haliclona,Haliclona aff. aquaeductus
58f08cba595bb027b3cd6face1936369be073bdf,Metazoa,Porifera,Demospongiae,Haplosclerida,Chalinidae,Haliclona,Haliclona aff. aquaeductus
596666cbd1e7702714b5341c474a89cbd2501290,NA,NA,Cryptophyceae,Kathablepharidacea,Katablepharidaceae,Leucocryptos,Leucocryptos marina
596edb39ededcaf42cf4e2ad37f683286baa9319,NA,Bacteroidota,Flavobacteriia,Flavobacteriales,Flavobacteriaceae,Winogradskyella,NA
5a022296841c3a2b2a131bdddceac93b3a8c330f,NA,Bacteroidota,Flavobacteriia,Flavobacteriales,Flavobacteriaceae,Winogradskyella,NA
5a27927a89b6e2d72bfcc894c6bcb94f089a9720,Metazoa,Porifera,Demospongiae,Haplosclerida,Chalinidae,Haliclona,Haliclona aff. aquaeductus
5a366d764f3649a6781e556c53a4f36651ee9f51,NA,Bacillariophyta,Coscinodiscophyceae,Stephanodiscales,Stephanodiscaceae,Cyclotella,NA
5a3fb102a15a7e3217dea5af6405219661a539d3,Metazoa,Porifera,Demospongiae,Clionaida,Clionaidae,Pione,Pione velans
5ace7ecfcb7567935a34a436589cb257c4a3bf8b,Metazoa,Annelida,Polychaeta,Sabellida,Serpulidae,Hydroides,Hydroides dianthus
5d4da42b2bfd25ae582d1e78d6f26d1c44f5b47b,NA,Pseudomonadota,Alphaproteobacteria,Pelagibacterales,Pelagibacteraceae,Candidatus Pelagibacter,NA
5eeac7c7c337ac0cf5ccbb282001dbbce3bee40f,Metazoa,Cnidaria,Anthozoa,Actiniaria,Aiptasiidae,Exaiptasia,Exaiptasia diaphana
60d42a2e8d7ba6eb1294faab42ee245f158d3e3b,Metazoa,Cnidaria,Anthozoa,Zoantharia,Parazoanthidae,Isozoanthus,Isozoanthus sulcatus
610f329b9fbc4aca54f817262d780d5ea6c9d921,NA,Bacillariophyta,Bacillariophyceae,Naviculales,Pleurosigmataceae,Pleurosigma,NA
61ab1b84a1470dbb3d14840bd2ea900903c449ad,Metazoa,Echinodermata,Holothuroidea,Aspidochirotida,Holothuriidae,Holothuria,Holothuria poli
61fb031e3666b4287bcf948bc87a53cf7b0a1adb,Metazoa,Porifera,Demospongiae,Haplosclerida,Chalinidae,Haliclona,NA
62f9afda21bac0462373cc4d8de677f04a23b54a,Metazoa,Porifera,Demospongiae,Haplosclerida,Chalinidae,Haliclona,NA
63aba4000ab5b22e17f24da91db97935cdcd1433,Metazoa,Porifera,Demospongiae,Haplosclerida,Chalinidae,Haliclona,NA
640ba21ee6a0f34c60a3256aec61da99285b80ec,Metazoa,Porifera,Demospongiae,Haplosclerida,Chalinidae,NA,NA
6416ef611620c4c0dc14ca475fef5a7138d5646c,Metazoa,Chordata,Actinopteri,Cichliformes,Cichlidae,Hypsophrys,Hypsophrys nematopus
64519ec531dfa67969ecb67feaf0ddc9e656ff22,Metazoa,Porifera,Demospongiae,Haplosclerida,Chalinidae,Haliclona,NA
64c34f3093cf3fa7139339f6c9ddbd26ea21bbe4,Metazoa,Chordata,Ascidiacea,Stolidobranchia,Styelidae,Styela,Styela canopus
6509d448d6faedaa304601ab48b67926d820a533,Metazoa,Annelida,Polychaeta,Terebellida,Terebellidae,Terebella,Terebella lapidaria
65f5cfb28dac2dbfcd909e7774b32f1fd2d56e53,Metazoa,Cnidaria,Anthozoa,Actiniaria,Aiptasiidae,Exaiptasia,Exaiptasia diaphana
65f6548de909bd8b4825eeacb81b3fa7590f893e,NA,Pseudomonadota,Alphaproteobacteria,Pelagibacterales,Pelagibacteraceae,Candidatus Pelagibacter,NA
66d380a4fed9a782fbf4819644730b8fa574a615,NA,Bacillariophyta,Bacillariophyceae,Naviculales,Naviculaceae,Navicula,NA
6852acd93188123c534d6f2d0f81f4f181114bd5,NA,Bacillariophyta,Bacillariophyceae,Naviculales,Naviculaceae,Navicula,NA
69e6c9859200471755d63f7313498df642e57401,Metazoa,Porifera,Demospongiae,Haplosclerida,Chalinidae,Haliclona,Haliclona aff. aquaeductus
6a003a112527bc47e9d5c08025ffe4c9c89d9cfa,Metazoa,Mollusca,Bivalvia,Lucinida,Lucinidae,Loripes,Loripes lacteus
6a455edd4bd4b08d8649c1671c2381e6f926cb7a,Metazoa,Mollusca,Bivalvia,Myida,Pholadidae,Pholas,Pholas dactylus
6a68f1a443cf1e16418aa22b663af7b4314eae97,Metazoa,Porifera,Demospongiae,Haplosclerida,Chalinidae,Haliclona,Haliclona aff. aquaeductus
6a93a46af0533a782a362a5104eb511cc1e2be7e,NA,Pseudomonadota,Gammaproteobacteria,Alteromonadales,Alteromonadaceae,Alteromonas,NA
6c1e593824d80475fe08259a1f1eea92699dd3b8,Metazoa,Chordata,Mammalia,Primates,Hominidae,Homo,Homo sapiens
6d3ca1858368b0740d821788eb1c0a970e095329,Metazoa,Porifera,Demospongiae,Haplosclerida,Chalinidae,Haliclona,NA
6d7089b4184208e0410c598657616e4ca17d2434,Metazoa,Chordata,Actinopteri,Gobiiformes,Gobiidae,Proterorhinus,NA
6dda33abf27897856adf24ca079a1031f34e4e3b,NA,Bacillariophyta,Bacillariophyceae,Bacillariales,Bacillariaceae,Cylindrotheca,NA
6ef49698ec6c2603b67b0cadb04347ecc190bb61,Metazoa,Chordata,Actinopteri,Cichliformes,Cichlidae,Hypsophrys,Hypsophrys nematopus
702a3697fe205454e6e37fad44c4471ab1818ce6,NA,Bacillariophyta,Fragilariophyceae,Rhabdonematales,Grammatophoraceae,Grammatophora,Grammatophora oceanica
707c44f319e0ec44829b1169fdf604a3b70e7eec,NA,NA,Dinophyceae,NA,NA,NA,NA
70950117ead158aeebcf610c8dbf334904437b24,Metazoa,Chordata,Actinopteri,Perciformes,Serranidae,NA,NA
70d23d52eb0b6c8e21159b91f9702c1b907bb58c,Metazoa,Porifera,Demospongiae,Haplosclerida,Chalinidae,Haliclona,NA
70dfac449f20f889d55704e6356f1216a2dd56da,Metazoa,Mollusca,Gastropoda,NA,Cerithiidae,Bittium,NA
71a5a4feb7f4bd81e3f5f57b96921cd333d74458,Metazoa,Mollusca,Gastropoda,NA,Cerithiidae,Bittium,NA
72cf423fe65f3b14e01ed76105d86b5dfa4f336d,Metazoa,Porifera,Demospongiae,Haplosclerida,Chalinidae,NA,NA
7325672a2018519d8392c066cfcfe6ef440ca19d,Metazoa,Cnidaria,Hydrozoa,Leptothecata,Kirchenpaueriidae,Kirchenpaueria,NA
7330fd42a3eebb9c8f722dc4ded2f1ba859411a5,Metazoa,Porifera,Demospongiae,Haplosclerida,Chalinidae,Haliclona,Haliclona aff. aquaeductus
733d95474a5760ab78697ac32e21bf7c707291af,Metazoa,Cnidaria,Hydrozoa,Anthoathecata,Cladonematidae,Cladonema,NA
73447a800db01441b9ab89f51170ffc5d636d860,NA,Bacillariophyta,Coscinodiscophyceae,Stephanodiscales,Stephanodiscaceae,Cyclotella,NA
73a7347443dadaa5e96aba3b034f89aeea486a53,Metazoa,Mollusca,Bivalvia,Venerida,Veneridae,Polititapes,Polititapes aureus
74afb481fd2ea954114337ec409a68d0a75868c5,Metazoa,Mollusca,Gastropoda,Cephalaspidea,Haminoeidae,Haminoea,Haminoea orbignyana
755c5b7d75b1b21210b2da9dac1a184e8d045583,Metazoa,Porifera,Demospongiae,Haplosclerida,Chalinidae,Haliclona,NA
761364b8807b1b43a527b6d8e093068be65886ff,NA,NA,Dinophyceae,NA,NA,NA,NA
76cbb7e9d225487bbc30f0c9ea8e23e61df56a46,Metazoa,Porifera,Demospongiae,Haplosclerida,Chalinidae,Haliclona,NA
77f14c8ea68b0f7fcfd6b2a88aab55181dcdc4ec,NA,Bacillariophyta,Bacillariophyceae,Naviculales,Naviculaceae,Navicula,NA
79db3af975a2e1eeb0ee21dcd52a326b1d0054de,Metazoa,Mollusca,Gastropoda,NA,Cerithiidae,Bittium,Bittium reticulatum
7a781ee06cb041eb1b7660badc1098ffcb35bec4,Metazoa,Porifera,Demospongiae,Haplosclerida,Chalinidae,Haliclona,NA
7b446ef7d161e25a8d3aeb7204f9c3916fbc98df,Metazoa,Porifera,Demospongiae,Poecilosclerida,Mycalidae,Mycale,Mycale fibrexilis
7c2ad9f4d7588a8934750eb90bbf0fd129f683c6,Metazoa,Chordata,Actinopteri,Cichliformes,Cichlidae,Hypsophrys,Hypsophrys nematopus
7c73ec369dbff35be174c5eacf7f33f2f4f67a34,NA,Bacillariophyta,Coscinodiscophyceae,Chaetocerotales,Chaetocerotaceae,Chaetoceros,NA
7c7e71de8c175b217cb2502b6dc6b521405f1cdd,Metazoa,Porifera,Demospongiae,Haplosclerida,Chalinidae,Haliclona,Haliclona aff. aquaeductus
7cbc2ed1eb7d07ca303f8779df647917ad8a96b2,Metazoa,Mollusca,Bivalvia,Lucinida,Lucinidae,Loripes,Loripes lacteus
7cc84a72d197cf7dc5c82b8789abba7a1f560d09,Metazoa,Mollusca,Bivalvia,Myida,Pholadidae,Pholas,Pholas dactylus
7d343ed03a659f86260086954975e2535fb5dcaf,Metazoa,Chordata,Actinopteri,Cichliformes,Cichlidae,Hypsophrys,Hypsophrys nematopus
7d3a88a13c2efdcbe9889e5edd75a800f3dee3f7,Metazoa,Porifera,Demospongiae,Haplosclerida,Chalinidae,Haliclona,Haliclona aff. aquaeductus
7d91e8e9e4faff0628c8a9b1e4b4604e2ba7725a,NA,Bacillariophyta,Fragilariophyceae,Rhabdonematales,Grammatophoraceae,Grammatophora,Grammatophora oceanica
7da08f11e5b17b04f95a41b34b61a5dd9f875977,Metazoa,Porifera,Demospongiae,Haplosclerida,Chalinidae,Haliclona,NA
7da72fc4d4d508effadfd7fa8b490d168159c7b0,Metazoa,Mollusca,Bivalvia,Mytilida,Mytilidae,Gregariella,Gregariella semigranata
7e93b71c53ce273ac9b278740af898684cf76dea,NA,Bacillariophyta,Bacillariophyceae,Naviculales,Pleurosigmataceae,Pleurosigma,NA
7ee1bf31abe9e3db6f1f72fd3d36c12651b3a2f2,Metazoa,Porifera,Demospongiae,Poecilosclerida,Mycalidae,Mycale,NA
7eea862b5a2a21cc64137be728941a0051bd165d,Metazoa,Porifera,Demospongiae,Haplosclerida,Chalinidae,Haliclona,NA
7f1e2e9cb88316045b8561a39282ca3eda8c591c,Metazoa,Annelida,Polychaeta,Sabellida,Serpulidae,Hydroides,Hydroides elegans
7fa646c7b8b025daa4208d91245fd13c9c4d070f,Metazoa,Porifera,Demospongiae,Haplosclerida,Chalinidae,Haliclona,NA
7fc249d9b8d17ed966b7e1521b5ce54ed6a92880,Viridiplantae,Chlorophyta,Ulvophyceae,Dasycladales,Polyphysaceae,Acetabularia,Acetabularia caliculus
8086fc0b28607fc536ad2f64e323d07f5f08bffa,NA,Bacillariophyta,Bacillariophyceae,Bacillariales,Bacillariaceae,Nitzschia,NA
80a4ea9b5ae8769ac381e34cf964cbb3973a0f20,Metazoa,Annelida,Polychaeta,Terebellida,Cirratulidae,Cirriformia,NA
80f5667e4af6f01d593029c5c980517e3c0a6a4e,Metazoa,Cnidaria,Hydrozoa,Leptothecata,Campanulariidae,Campanularia,Campanularia hincksii
81c4b6bc1a210ca7d017045f490ccbb19d65aa49,Metazoa,Cnidaria,Hydrozoa,Leptothecata,Campanulariidae,Campanularia,Campanularia hincksii
827bda321e4d80fb3c2a35575a29f18ec8a534fb,Metazoa,Annelida,Polychaeta,Phyllodocida,Syllidae,Trypanosyllis,NA
8387a7a2526b1bbc348b061d80e356ea36f41cb3,Metazoa,Porifera,Demospongiae,Haplosclerida,Chalinidae,Haliclona,NA
83a7d97fd55a0631ea2d7bc22bcedb3c450f7f9c,Metazoa,Annelida,Polychaeta,Terebellida,Cirratulidae,Cirriformia,NA
84497e338ee7778fde7aa5b65f7dc4508faaf6d7,Metazoa,Chordata,Ascidiacea,Phlebobranchia,Perophoridae,Ecteinascidia,Ecteinascidia turbinata
8483ed50be65c18ac4d2031dba57773415675f11,Metazoa,Annelida,Polychaeta,NA,Paraonidae,Cirrophorus,Cirrophorus nikebianchii
84cf6e9a02922018dd2adfa48fd013a1c633bf16,NA,NA,Dinophyceae,NA,NA,NA,NA
859d0eca65fb4a7b0e9894e643579151d452c671,Metazoa,Chordata,Actinopteri,NA,NA,NA,NA
867f181a537cdf4aef652b24c0403794ce132382,Metazoa,Porifera,Demospongiae,Dendroceratida,Halisarcidae,Halisarca,Halisarca desqueyrouxae
86955f419e1400ff1476b027bf4bfec76b22e9da,NA,Bacillariophyta,Bacillariophyceae,Naviculales,Pleurosigmataceae,Pleurosigma,NA
87eebcf3c23264231dfd0b9f04ab6b265803e326,Metazoa,Annelida,Polychaeta,Sabellida,Serpulidae,Hydroides,Hydroides elegans
882b0add249fdc84e66ff384f50595f0dd426d0a,Metazoa,Porifera,Demospongiae,Haplosclerida,Chalinidae,Haliclona,NA
88c52aee542f13751857c167a5f045f551ec075b,NA,Bacillariophyta,Bacillariophyceae,Naviculales,Pleurosigmataceae,Pleurosigma,NA
8976cb32c3d44ee4cb15bed800025a9eece45fdf,NA,Bacillariophyta,Fragilariophyceae,Rhabdonematales,Grammatophoraceae,Grammatophora,Grammatophora oceanica
89e9730fe027e32476fe7635ca69b349091f903b,NA,Bacillariophyta,Bacillariophyceae,Naviculales,Pleurosigmataceae,Pleurosigma,NA
8b381e90193adb4bd7bc371b97adf44d2ef167d9,NA,NA,Dinophyceae,Gymnodiniales,Kareniaceae,NA,NA
8bc81c4e739abe3138feefd058e051d6a8eace70,NA,Bacillariophyta,Bacillariophyceae,Naviculales,Naviculaceae,Navicula,NA
8ce6b877c9d2805adb61cecdcc521c8b85aaafb7,Metazoa,Porifera,Demospongiae,Haplosclerida,Chalinidae,Haliclona,Haliclona aff. aquaeductus
8e9e407820eb8d27bdf0a79c7695df22bac220a2,NA,Rhodophyta,Florideophyceae,Ceramiales,Rhodomelaceae,Chondria,NA
8fa6a5973ec1819c740e2ef59edae135b623445f,Metazoa,Mollusca,Bivalvia,Cardiida,Semelidae,Abra,Abra alba
917fdcad4bc8385c0117fd572cdbe77ce72922f1,Metazoa,Porifera,Demospongiae,Haplosclerida,Chalinidae,Haliclona,Haliclona aff. aquaeductus
919f8314d4aed44508e09a8c65909e5c5cc5a9d4,Metazoa,Porifera,Demospongiae,Haplosclerida,Chalinidae,Haliclona,NA
92f705a0062b2c514c462f76d4c6e245da92bb5d,NA,NA,Dinophyceae,Amphidiniales,Amphidiniaceae,Amphidinium,NA
933ca8fc1d2acb8a2ab86764c019eb69e20dd220,Metazoa,Cnidaria,Hydrozoa,Leptothecata,Kirchenpaueriidae,Kirchenpaueria,NA
934f181828262d455bf31d3551250809c4e9b6b6,Metazoa,Porifera,Demospongiae,Haplosclerida,Chalinidae,Haliclona,NA
9389f9fbbe424ba295c4faaaee567860c9a54d48,Metazoa,Porifera,Demospongiae,Haplosclerida,Chalinidae,Haliclona,NA
93b1a402f944324962d7a939035eb04753ead8b7,Metazoa,Chordata,Mammalia,Primates,Hominidae,Homo,Homo sapiens
940b3cd1118a0ef7524c9345470e371a5e330b52,Metazoa,Porifera,Demospongiae,Haplosclerida,Chalinidae,NA,NA
94ce7f869d87fe2c26f74ba6aca1475e1ee3bf8a,Metazoa,Porifera,Demospongiae,Haplosclerida,Chalinidae,Haliclona,NA
94f3a522fd284d82cecf44f57d4f8796bfe19754,NA,Cercozoa,Chlorarachniophyceae,NA,NA,Bigelowiella,NA
950b1028f5c36bb3cca3ed482e6a3b5baf18e7e3,Metazoa,Cnidaria,Hydrozoa,Leptothecata,Kirchenpaueriidae,Kirchenpaueria,NA
9542bd88260944ff4a902a71945cebdf79ae9924,Metazoa,Mollusca,Bivalvia,Venerida,Veneridae,Polititapes,Polititapes aureus
95ba480ca2074dbc74d51134a9a6869192cb7048,Metazoa,Porifera,Demospongiae,Haplosclerida,Chalinidae,Haliclona,Haliclona aff. aquaeductus
95cafbc35b39d1229b54d324b703be7055e1fc41,Metazoa,Porifera,Demospongiae,Haplosclerida,Chalinidae,Haliclona,NA
9656c6c728169375d0d86b74096937f23fd8f21a,Metazoa,Porifera,Demospongiae,Haplosclerida,Chalinidae,Haliclona,NA
966592407eb71709f20dcc08377650d0bb38189c,Metazoa,Porifera,Demospongiae,Spongillida,Spongillidae,Ephydatia,NA
967944f1d043cce618fd1a0194d19ddb97c15284,Metazoa,Annelida,Polychaeta,Terebellida,Terebellidae,Terebella,Terebella lapidaria
9706757dd4779f581ae92c082763149bbb869cc5,Metazoa,Chordata,Actinopteri,Cichliformes,Cichlidae,Hypsophrys,Hypsophrys nematopus
975ef081c566b24aa5b3fc6c68c4fdc4cb3e230c,Metazoa,Annelida,Polychaeta,Sabellida,Serpulidae,Hydroides,Hydroides elegans
993d55accbf0e7905c61ee8f5ddcbe730edb1d02,Metazoa,Cnidaria,Anthozoa,Actiniaria,Aiptasiidae,Exaiptasia,Exaiptasia diaphana
99fd601a9b8f8908d865d6deb3672bd6426ecc20,Metazoa,Porifera,Demospongiae,Haplosclerida,Chalinidae,Haliclona,NA
9a88ef9b12e7e6a6a7d81e9eccb92475366ef96b,Metazoa,Porifera,Demospongiae,Haplosclerida,Chalinidae,Haliclona,NA
9a8f92d782c640eda233da46b0b621997c61e55d,Metazoa,Porifera,Demospongiae,Haplosclerida,Chalinidae,Haliclona,Haliclona aff. aquaeductus
9b409551c8f9b800eb970422363f5aff323e82a9,NA,NA,Dinophyceae,NA,NA,NA,NA
9c1489b5e06dffbc7379f375c60ae6f736f2724a,Metazoa,Porifera,Demospongiae,Haplosclerida,Chalinidae,Haliclona,NA
9cd23b33bf39e905153faf164c521b05128bf783,Metazoa,Porifera,Demospongiae,Haplosclerida,Chalinidae,Haliclona,Haliclona sp. USNM IZ 1446047
9d11fb41810b194977194f18bb4da547a97ca8ec,Metazoa,Porifera,Demospongiae,Haplosclerida,Chalinidae,Haliclona,Haliclona aff. aquaeductus
9db41f80c746c5b231b7fad273746ff6b1baacfa,Metazoa,Annelida,Polychaeta,Sabellida,Serpulidae,Hydroides,Hydroides elegans
9dd53cc136df63e9151d99098ef5ad00471cb36b,Metazoa,Porifera,Demospongiae,Haplosclerida,Chalinidae,Haliclona,NA
9df11b0e9bae1e9b53b6b5551356ab99bc5198db,Metazoa,Porifera,Demospongiae,Haplosclerida,Chalinidae,Haliclona,NA
9ebd0bcbae3f4ee1f10ba13d858e85af17744e67,Metazoa,Chordata,Mammalia,Primates,Hominidae,Homo,Homo sapiens
9f2282f6bd4d7e9699884853902ade11ae4e44ea,Metazoa,Cnidaria,Anthozoa,Actiniaria,Aiptasiidae,Exaiptasia,Exaiptasia diaphana
9f7e06d630dceea2137cc962e9273b56f3571349,Metazoa,Cnidaria,Hydrozoa,Leptothecata,NA,NA,NA
9ffcc2189e9982cfe0bf7e707b2bd054ab1e50d6,Metazoa,Porifera,Demospongiae,Haplosclerida,Chalinidae,Haliclona,NA
a02eabbd9ddb98bfe4e8b0a249226725957a7837,Metazoa,Cnidaria,Hydrozoa,Leptothecata,NA,NA,NA
a06bc9bdc994407f5e2e1bb7d1f63c27c3bfbdf8,Metazoa,Mollusca,Bivalvia,Cardiida,Semelidae,Abra,Abra alba
a0bee098f3cbff24b163d91dca23e56185b9834a,Metazoa,Porifera,Demospongiae,Poecilosclerida,Mycalidae,Mycale,NA
a16ab51eb821a5af850465cf209e7dcc92e209dc,Metazoa,Echinodermata,Holothuroidea,Aspidochirotida,Holothuriidae,Holothuria,Holothuria poli
a16fe512e0d88e633693383142bb09a3ab61d266,Metazoa,Porifera,Demospongiae,Poecilosclerida,Mycalidae,Mycale,Mycale fibrexilis
a1bfb26265f9ee336848033dc0d8cb13c148cba0,Metazoa,Cnidaria,Hydrozoa,Leptothecata,Kirchenpaueriidae,Kirchenpaueria,NA
a1edc294150d2ad2161a34cbba6159e12fec711c,Metazoa,Annelida,Polychaeta,Sabellida,Serpulidae,Hydroides,Hydroides elegans
a224f3e5cdbedb3ef25d80ee04232096f551b13d,Metazoa,Mollusca,Gastropoda,NA,Cerithiidae,Bittium,Bittium reticulatum
a24f837ea09b4bfbe8eafc8a9d622c76783d0e32,Metazoa,Cnidaria,Hydrozoa,Leptothecata,Clytiidae,Clytia,Clytia gracilis
a3ee145b4e9bf2594bd138249b00d8d7aef19b1c,Metazoa,Porifera,Demospongiae,Haplosclerida,Chalinidae,Haliclona,Haliclona aff. aquaeductus
a4016cc43d72e7bca25dee9826a94283972cca68,NA,Pseudomonadota,Alphaproteobacteria,Pelagibacterales,Pelagibacteraceae,Candidatus Pelagibacter,NA
a4342571a4add22e25e8c5caa760834e2f437a87,Metazoa,Porifera,Demospongiae,Haplosclerida,Niphatidae,Pachychalina,Pachychalina tenera
a4972282c98cd1b4d200daf52338d2891b270c64,Metazoa,Mollusca,Bivalvia,Mytilida,Mytilidae,Mytilaster,Mytilaster minimus
a5095cbdfe0b7161aea565ad6130b03ad345d925,Metazoa,Mollusca,Bivalvia,Mytilida,Mytilidae,Mytilaster,Mytilaster minimus
a53117d06b69e06486fc5bbd37762f1c211ba403,NA,Bacteroidota,Flavobacteriia,Flavobacteriales,Cryomorphaceae,NA,NA
a5554777822e896e40d80044b1dd6da91c1ccc80,Metazoa,Porifera,Demospongiae,Haplosclerida,Chalinidae,Haliclona,NA
a58632fdc4e1b1a771fb969bbb409d57365980a0,NA,NA,Dinophyceae,NA,NA,NA,NA
a6c149b476e9fac68617566c64ec8151c07a046b,Metazoa,Porifera,Demospongiae,Haplosclerida,Chalinidae,Haliclona,NA
a71bd1222be3ff3225636349a9141a0fe972c8a0,Metazoa,Chordata,Actinopteri,Blenniiformes,Blenniidae,Salaria,Salaria pavo
a7a49e25640393ff8ace0fb5e4e3c305328af446,NA,NA,Dinophyceae,NA,NA,NA,NA
a865becf38c8d04ec9fe26df9dada463a4e70441,Metazoa,Porifera,Demospongiae,Haplosclerida,Chalinidae,Haliclona,Haliclona aff. aquaeductus
a8b0dcad90b9427712ac61e688240840c59d8068,Metazoa,Cnidaria,Anthozoa,Zoantharia,Parazoanthidae,Isozoanthus,Isozoanthus sulcatus
a92ac768fe4b3ea936dd86fc6674647d61bd76a3,Metazoa,Cnidaria,Anthozoa,Actiniaria,Aiptasiidae,Exaiptasia,Exaiptasia diaphana
a99367cb8d24a67f2926f99faf59efa6dc25c4a6,Metazoa,Porifera,Demospongiae,Haplosclerida,Chalinidae,Haliclona,NA
aa335a4850a5f559d0e7863e3da9b53538ad0c61,Metazoa,Porifera,Demospongiae,NA,NA,NA,NA
aa574fafd3dbc418a0f7310870f787eb17a077ee,NA,NA,Dinophyceae,NA,NA,NA,NA
ac7fab54d95bba6322a75ed6e119fbba1d675aaf,Metazoa,Chordata,Actinopteri,Cichliformes,Cichlidae,Hypsophrys,Hypsophrys nematopus
aca7371357b608545a31509031413b20c6a53f35,Metazoa,Porifera,Demospongiae,Haplosclerida,Chalinidae,Haliclona,NA
acaaf2a6166fb872b952a9acfead8d57aac3c2e5,Metazoa,Porifera,Demospongiae,Haplosclerida,Chalinidae,Haliclona,Haliclona aff. aquaeductus
ace792ae60c71bc4f72759f432022581cec9d35a,Metazoa,Annelida,Polychaeta,NA,Paraonidae,Cirrophorus,NA
ad0cd6567d69448790a2068a01e4709dd7b372a0,NA,NA,Dinophyceae,NA,NA,NA,NA
ad341ba47187822512233f61d0c9a48d333f6cca,Metazoa,Porifera,Demospongiae,Haplosclerida,Chalinidae,Haliclona,NA
ae006d6d1d231108aea5477efd084ea5390bbf62,Metazoa,Porifera,Demospongiae,Haplosclerida,Chalinidae,NA,NA
af1dc34d0b2d1195a0b7b43029d946b8c1142adb,NA,Cyanobacteriota,Cyanophyceae,Synechococcales,Synechococcaceae,Synechococcus,NA
af9d7f0281aab4f108a4eba356d91cad3bb0498a,Metazoa,Porifera,Demospongiae,Suberitida,Halichondriidae,Halichondria,NA
afaeefa12ed9f3c77ce9b089a6c162cd29703257,Metazoa,Porifera,Demospongiae,Haplosclerida,Chalinidae,Haliclona,NA
affc089887fc81d8df40ec9c18da27301804680b,Metazoa,Porifera,Demospongiae,Haplosclerida,Chalinidae,NA,NA
b02cdba7205e41c20d9d43d980a45523c55fad45,Metazoa,Porifera,Demospongiae,Haplosclerida,Chalinidae,Haliclona,NA
b0b0875d6777b6b9c9c61c735a6413324e960be6,NA,Bacillariophyta,Bacillariophyceae,Bacillariales,Bacillariaceae,Nitzschia,NA
b12371a4afb35356941cbe2b44a6d2fdbca586d6,Metazoa,Porifera,Demospongiae,Haplosclerida,Chalinidae,Haliclona,NA
b1b2b3fb54fb973be8f1b3f4fb99f550202474fb,Metazoa,Porifera,Demospongiae,Haplosclerida,Chalinidae,Haliclona,Haliclona aff. aquaeductus
b27919b6109641c63ebc6a63d821a8f875e3ec54,Metazoa,Porifera,Demospongiae,Haplosclerida,Chalinidae,Haliclona,Haliclona aff. aquaeductus
b2c8abd800321a2cd6c65bcedd8ae1f05b59d605,Metazoa,Mollusca,Bivalvia,Myida,Pholadidae,Pholas,Pholas dactylus
b34c03e912330d27a0311a5124e191a3c5d63ad2,NA,Bacillariophyta,Coscinodiscophyceae,Stephanodiscales,Stephanodiscaceae,Cyclotella,NA
b376bb58d13db0edb10126932593912b3f68a9db,Metazoa,Cnidaria,Scyphozoa,Rhizostomeae,Rhizostomatidae,Rhizostoma,NA
b3b7552ad4cb087f2533f45f05c840503002203e,Viridiplantae,Chlorophyta,Mamiellophyceae,Mamiellales,Mamiellaceae,Micromonas,Micromonas pusilla
b448dd5ef211ca64b685d35d307b6d1180891d02,Metazoa,Porifera,Demospongiae,Haplosclerida,Chalinidae,Haliclona,Haliclona aff. aquaeductus
b4a6565e1232d8388a194877875bce7230321151,NA,Bacillariophyta,Bacillariophyceae,Naviculales,Pleurosigmataceae,Pleurosigma,NA
b4af1ec38fa59aaec16b172a94e4de29c82da6fc,Metazoa,Porifera,Demospongiae,Haplosclerida,Chalinidae,Haliclona,NA
b4af6052502747e3105ebcfb1411df6fec84b239,Metazoa,Chordata,Actinopteri,Mugiliformes,Mugilidae,Mugil,Mugil cephalus
b4c9049b7b6f67aca85d71cf80d3f67d15bd6626,Metazoa,Cnidaria,Anthozoa,Actiniaria,Aiptasiidae,Exaiptasia,Exaiptasia diaphana
b4ff3b7a3c59eb5aafff16ba2d57c16c7a1e2466,Metazoa,Porifera,Demospongiae,Haplosclerida,Chalinidae,Haliclona,NA
b54927d1bce04536ef0ef3acb1bca625a10d7d5d,Metazoa,Bryozoa,Gymnolaemata,Ctenostomatida,Vesiculariidae,Amathia,Amathia verticillata
b5ad9c8113cf77206e4b5ac08adcd108b9cb2122,Metazoa,Porifera,Demospongiae,Haplosclerida,Chalinidae,Haliclona,Haliclona aff. aquaeductus
b5fe4be4aa14b407a4f02e95b12716d2d797e515,Metazoa,Porifera,Demospongiae,Haplosclerida,Chalinidae,Haliclona,Haliclona aff. aquaeductus
b6674ded0fb6806286176c91a9119aff84e1a83d,Metazoa,Porifera,Demospongiae,Clionaida,Clionaidae,Pione,Pione velans
b80f9f758002ff383dc2f6ae325071fcdb8f3506,Metazoa,Mollusca,Bivalvia,Mytilida,Mytilidae,Mytilaster,Mytilaster minimus
b88875646c4f6bbe89b5325f830605d6660dd974,NA,Bacillariophyta,Coscinodiscophyceae,Coscinodiscales,Coscinodiscaceae,Coscinodiscus,NA
b89b7c1cf6ba3d343820d2cd09c5a1a25b2d01e8,Metazoa,Annelida,Polychaeta,Sabellida,Serpulidae,Hydroides,Hydroides dianthus
b8e2afc6c7e26bec3b584517a52289d3f4e3eb94,Metazoa,Mollusca,Bivalvia,Mytilida,Mytilidae,Mytilaster,Mytilaster solidus
b8e54f5e3979a21235cb2f90124ebdd76d2edfe2,NA,NA,Dinophyceae,Gymnodiniales,Gymnodiniaceae,Nusuttodinium,NA
b94181b1c371e9c7be5d385768b80cba327f51ef,Metazoa,Porifera,Demospongiae,Haplosclerida,Chalinidae,Haliclona,NA
b943433b2f155886ab394e2ca66848cc6042e92d,Metazoa,Annelida,Polychaeta,Phyllodocida,Syllidae,Syllis,Syllis gracilis
bab4ed3f9432730478762d1d6fdf34294705fb4e,NA,Pseudomonadota,Alphaproteobacteria,Pelagibacterales,Pelagibacteraceae,Candidatus Pelagibacter,NA
baca02d7227d3475d2b4d47d9d6d4cec42b30790,Metazoa,Porifera,Demospongiae,Haplosclerida,Chalinidae,Haliclona,NA
bc78abbff803443742dfcdca2b2244dff4ca00e0,Metazoa,Cnidaria,Anthozoa,Actiniaria,Aiptasiidae,Exaiptasia,Exaiptasia diaphana
bd6278c9a6b485ff4a509e6fbc29dfa224d8b886,Metazoa,Cnidaria,Hydrozoa,Anthoathecata,Bougainvilliidae,Bougainvillia,Bougainvillia sp. PM JRH-2014
bd9efafa04e86c51d07e05c5abfa30fec3cf26b3,NA,Bacteroidota,Flavobacteriia,Flavobacteriales,Flavobacteriaceae,Polaribacter,NA
be2d9c986acf94d5b1805d000db7b8251419ae0c,Metazoa,Porifera,Demospongiae,Clionaida,Clionaidae,Pione,Pione velans
bf9df76dbe1337bb17decc40b548c8352117faf7,Metazoa,Annelida,Polychaeta,Terebellida,Terebellidae,Terebella,Terebella lapidaria
c0419428edcc9c1432e325fb6140e3d0da11954d,Metazoa,Porifera,Demospongiae,Haplosclerida,Chalinidae,Haliclona,NA
c0b2c7b50c24608340c3ec48e10020b510f5e4a5,Metazoa,Chordata,Actinopteri,Cichliformes,Cichlidae,Hypsophrys,Hypsophrys nematopus
c12572b7b974b8dedfbf312410e5e0c9503f5f49,Metazoa,Annelida,Polychaeta,Sabellida,Serpulidae,Hydroides,Hydroides elegans
c12801427fd1fb5f4722b94d581662c61929ec87,NA,Pseudomonadota,Alphaproteobacteria,Pelagibacterales,Pelagibacteraceae,Candidatus Pelagibacter,NA
c4f5b0af9fb6bf8b0549da9b77192f76edcbb804,Metazoa,Porifera,Demospongiae,Haplosclerida,Chalinidae,Haliclona,NA
c6f98cbfb782fb9785f0271c5926a22af05c7851,Metazoa,Chordata,Actinopteri,Mugiliformes,Mugilidae,Chelon,NA
c81a9f8ee2f76792996cb51ab577039aa99fd95a,NA,Pseudomonadota,Alphaproteobacteria,Pelagibacterales,Pelagibacteraceae,Candidatus Pelagibacter,NA
c95be98255a36998dd97897127428fc06353d0c6,Metazoa,Porifera,Demospongiae,Haplosclerida,Chalinidae,Haliclona,NA
cb08d6fd7dc4ebd9c076ff37b3fa6f20875c787a,Metazoa,Mollusca,Bivalvia,Myida,Pholadidae,Pholas,Pholas dactylus
cb2dcc4538f9f0abba7098d2af768e4010bbcc07,Metazoa,Cnidaria,Hydrozoa,Leptothecata,Kirchenpaueriidae,Kirchenpaueria,NA
cc10bd70bc5329e49c880aafa996fe54ef119a8a,NA,Bacteroidota,Flavobacteriia,Flavobacteriales,Cryomorphaceae,NA,NA
cce7f12defad76b8864dfee1e3f02e17032a6724,Metazoa,Porifera,Demospongiae,Haplosclerida,Chalinidae,Haliclona,Haliclona aff. aquaeductus
cd717a9f319adb1af9cb02471ba6becc94f20930,Metazoa,Mollusca,Bivalvia,Mytilida,Mytilidae,Mytilaster,Mytilaster minimus
cd96cf8c8f737f3638f7e9a19a78fffe55c33267,Metazoa,Porifera,Demospongiae,Haplosclerida,NA,NA,NA
ce2cda7ae939feb0861984a1fc22e9ae124c2c39,Metazoa,Cnidaria,Hydrozoa,Leptothecata,Kirchenpaueriidae,Kirchenpaueria,NA
ce6d8a6a439da617a736c142614ef35401df3eca,Metazoa,Mollusca,Gastropoda,Littorinimorpha,Rissoidae,Rissoa,NA
cfe8b93fb254c973816dbe70d931411dfc471a9a,Metazoa,Chordata,Actinopteri,Spariformes,Sparidae,Sparus,Sparus aurata
d0085c1f96a58ccde49cea3a0dd170fb986e6b23,Metazoa,Chordata,Actinopteri,NA,NA,NA,NA
d0117fdb8838bcf10416e2990a1c78b8278250e6,Metazoa,Annelida,Polychaeta,NA,Paraonidae,Cirrophorus,NA
d11f1bedc1272306bf7a310d74b7b6b38728ac8a,Metazoa,Mollusca,Gastropoda,Littorinimorpha,Rissoidae,Rissoa,NA
d1c3242cc8380ddb210a585da32172bf96b3d366,Metazoa,Cnidaria,Anthozoa,Actiniaria,Boloceroididae,Boloceroides,NA
d253931586d28b47e090a3e2e4aaa59aa8778c3c,Viridiplantae,Chlorophyta,Ulvophyceae,Dasycladales,Polyphysaceae,Acetabularia,Acetabularia caliculus
d2df5ca7f21f53a4d84a8410b4d140457d6b389d,Metazoa,Porifera,Demospongiae,Haplosclerida,Chalinidae,Haliclona,NA
d37ecdb647f244b82df951aba3abd7c16a1b6cd1,NA,Cercozoa,Chlorarachniophyceae,NA,NA,Chlorarachnion,Chlorarachnion reptans
d4bbdae4964dd0586d6312ca9d65f95bc09f42ff,Metazoa,Porifera,Demospongiae,Haplosclerida,Chalinidae,NA,NA
d4eb2717c5b55dca5298f2373126b3b98348e4e1,NA,Pseudomonadota,Alphaproteobacteria,Pelagibacterales,Pelagibacteraceae,Candidatus Pelagibacter,NA
d4eeabd2b1f73469d9361f5827482fcbd9bc78b9,NA,Bacillariophyta,Bacillariophyceae,Naviculales,Naviculaceae,Navicula,NA
d5b1a6b3f47e92670ff91dc00bb26944da02a0b0,Metazoa,Porifera,Demospongiae,Haplosclerida,Chalinidae,Haliclona,NA
d6f111183f47d2ed5d8aae47120379565828f0ee,NA,NA,Dinophyceae,Peridiniales,Peridiniaceae,Scrippsiella,NA
d71265faa936b530337e80c74e924f8d897455bc,Metazoa,Echinodermata,Holothuroidea,Aspidochirotida,Holothuriidae,Holothuria,Holothuria poli
d81d42bee53cc96229966be9b79d95d4a95491f7,Metazoa,Porifera,Demospongiae,Haplosclerida,Chalinidae,Haliclona,Haliclona aff. aquaeductus
d8fb317f236e8348ca55526017287a10caef2129,Metazoa,Mollusca,Bivalvia,Mytilida,Mytilidae,Mytilaster,Mytilaster minimus
d98775e96664ff51c979ddca9e4c8f69660a4ce9,Metazoa,Chordata,Actinopteri,NA,Moronidae,Dicentrarchus,Dicentrarchus labrax
dac9c2c8d4d398f444f093a50f825567820b96c6,NA,NA,Dinophyceae,Amphidiniales,Amphidiniaceae,Amphidinium,NA
dd625619df794f81d09a0c90438503e326cc3772,Metazoa,Porifera,Demospongiae,Haplosclerida,NA,NA,NA
dd94cb098da0b8a9749bdcf93b945f8794d5c9a7,Metazoa,Cnidaria,Hydrozoa,Leptothecata,Kirchenpaueriidae,Kirchenpaueria,NA
de1acbdcff640bce83e5c90f9cfa2e1c36310e76,Metazoa,Chordata,Actinopteri,Cichliformes,Cichlidae,NA,NA
deb01c988308bd42cbdecbba9fbd139496762542,Metazoa,Bryozoa,Gymnolaemata,Cheilostomatida,Schizoporellidae,Schizoporella,NA
dff07d05605915a265ed09feb139d5d035c7c7ba,Metazoa,Cnidaria,Hydrozoa,Leptothecata,Aequoreidae,Aequorea,NA
e07af2559c96c4ddea36dc22a6f3246c774d8d18,Metazoa,Cnidaria,Anthozoa,Actiniaria,Aiptasiidae,Exaiptasia,Exaiptasia diaphana
e0b8639bd9835ad8dac99d3d81734802c2bcc90e,Metazoa,Porifera,Demospongiae,Haplosclerida,Chalinidae,Haliclona,NA
e1d0c0c571cb76b8712fb8cb4aa8103b143ea5ce,Metazoa,Annelida,Polychaeta,Sabellida,Sabellidae,Branchiomma,Branchiomma boholense
e3ec4038119e9a6fc8504f7ae5aef8a99775d319,Metazoa,Cnidaria,Anthozoa,Actiniaria,Actiniidae,Anemonia,NA
e43bcc20f270cc9eacdf5e6332b5cb0c4094ac92,Metazoa,Porifera,Demospongiae,Haplosclerida,Chalinidae,Haliclona,Haliclona aff. aquaeductus
e5b667c1210f815b41e4f08f56d6c230bb7c54dc,Metazoa,Annelida,Polychaeta,Phyllodocida,Phyllodocidae,Eumida,Eumida langenecki
e5c0e028f0c666bb6c17a5f9370f09341a3acee1,Metazoa,Mollusca,Gastropoda,NA,Cerithiidae,Bittium,Bittium reticulatum
e7de8a5bb12bcacbee5c7ff1b7d7529bb0cafb77,Metazoa,Porifera,Demospongiae,Clionaida,Clionaidae,NA,NA
e860f6f5124afebf5a9f75335c8c8a3de02e3aaf,Metazoa,Porifera,Demospongiae,Haplosclerida,Chalinidae,Haliclona,NA
e93fb14449cbf403b4850ed995e18ad9e02d098f,Metazoa,Chordata,Actinopteri,Cichliformes,Cichlidae,Hypsophrys,Hypsophrys nematopus
e97e182597e768b9c18193c62f091e8ef54b79b5,Metazoa,Porifera,Demospongiae,Haplosclerida,Chalinidae,Haliclona,NA
e9d32d3285651d0a889b7b3d910b3471b4564f24,Metazoa,Porifera,Demospongiae,Haplosclerida,Chalinidae,Haliclona,Haliclona aff. aquaeductus
e9d718714d295307cdf1cd52fa8fa0b9a6b408f3,Metazoa,Porifera,Demospongiae,Haplosclerida,Chalinidae,Haliclona,NA
ead085e0424040b817867e1d79430a5c23d6f317,Metazoa,Cnidaria,Anthozoa,Actiniaria,Aiptasiidae,Exaiptasia,Exaiptasia diaphana
ebcd92b6375c9cd57ee47dee01baa342ffeee55d,Metazoa,Porifera,Demospongiae,Haplosclerida,Chalinidae,Haliclona,NA
ebf5dde7476976e50fa1847e30b0ff11edf6a7a2,Metazoa,Bryozoa,Gymnolaemata,Ctenostomatida,Vesiculariidae,Amathia,Amathia verticillata
ec765b1925f45586d3e33b4b39bc3cfe72eb2788,NA,NA,Dinophyceae,Peridiniales,Kryptoperidiniaceae,Durinskia,Durinskia baltica
ecd966e73d35bcf490002099f925eaa85c6bef9f,Metazoa,Annelida,Polychaeta,Phyllodocida,Nereididae,Ceratonereis,NA
edfa3be7bb9b6937e6d5b7aff24b939399819742,Metazoa,Porifera,Demospongiae,Haplosclerida,Chalinidae,Haliclona,NA
efe3f7c81299ed146c3f2834bde48d65d2604385,NA,Bacillariophyta,Coscinodiscophyceae,Coscinodiscales,Coscinodiscaceae,Coscinodiscus,NA
f04d500a9709dc097e20ea71a0f141e54fcfe2af,Metazoa,Porifera,Demospongiae,Haplosclerida,Chalinidae,Haliclona,NA
f07daaf0e102203379e81a1e36ef7328c9f43d1f,Metazoa,Porifera,Demospongiae,Haplosclerida,Chalinidae,Haliclona,Haliclona aff. aquaeductus
f1626b501437df0bc2a36d89fe5fa634d88f42a6,Metazoa,Chordata,Ascidiacea,Phlebobranchia,Perophoridae,Ecteinascidia,Ecteinascidia turbinata
f16f28b5e4bb2459707808e31482672ae7168c9c,Metazoa,Mollusca,Bivalvia,Lucinida,Lucinidae,Loripes,Loripes lacteus
f1bf7b5279969ca708e6f929c6dcf4786f69be55,Metazoa,Porifera,Demospongiae,Haplosclerida,Chalinidae,Haliclona,Haliclona aff. aquaeductus
f1fe604797da21164d54aca150c5aef7bc6e5a64,Metazoa,Porifera,Demospongiae,Haplosclerida,Chalinidae,Haliclona,NA
f2604d2a86987a56fa4148df6d11685f02dc43ec,Metazoa,Porifera,Demospongiae,Haplosclerida,Chalinidae,Haliclona,NA
f2632c846d675c13f63c3f9d0c7c6cfacc55edd3,Metazoa,Porifera,Demospongiae,Haplosclerida,Chalinidae,Haliclona,NA
f2b68b82cfb620679969712b9fc97aefed42c5e4,Metazoa,Chordata,Ascidiacea,Phlebobranchia,Perophoridae,Ecteinascidia,Ecteinascidia turbinata
f2d5f07dfeff5808300bb85ccd4afc1c6218bf22,Metazoa,Porifera,Demospongiae,Haplosclerida,Chalinidae,Haliclona,NA
f2f0cd4f1c3c33779a5f54159837bb0a0ce0900a,Metazoa,Porifera,Demospongiae,Poecilosclerida,Mycalidae,Mycale,Mycale fibrexilis
f3110a292f213505e2103e0911f3a48a4c4ba58c,NA,Rhodophyta,Florideophyceae,Ceramiales,Rhodomelaceae,Polysiphonia,Polysiphonia boldii
f4ed06ffc486db4339adc71c93229c3c7d5eacc8,Metazoa,Porifera,Demospongiae,Haplosclerida,Chalinidae,Haliclona,Haliclona aff. aquaeductus
f627da60d123f0f780ed23f46704b4fa21560b80,Metazoa,Porifera,Demospongiae,Haplosclerida,Chalinidae,Haliclona,NA
f6c11c9e2f7091cef286e280a503e5e84ea5027b,Metazoa,Porifera,Demospongiae,Haplosclerida,Chalinidae,Haliclona,Haliclona aff. aquaeductus
f6f52c7213aaef4cc97b1fb044b90d14d5c770b1,Metazoa,Porifera,Demospongiae,Haplosclerida,Chalinidae,Haliclona,NA
f750014c1eb587e91b0daaecc31d54c3d590e689,Metazoa,Mollusca,Bivalvia,Mytilida,Mytilidae,Mytilaster,Mytilaster solidus
f7fb26854ff8a598cd13f4dc477ddb5667fc1dd5,Metazoa,Mollusca,Bivalvia,Venerida,Veneridae,Polititapes,Polititapes aureus
f84e6871bd79a5dd969ef08981d29c68a45346e0,Metazoa,Annelida,Polychaeta,Terebellida,Terebellidae,Terebella,Terebella lapidaria
f88ceeabc0f9bdb313f2b4069793e68e34df7c3a,Metazoa,Porifera,Demospongiae,Haplosclerida,Chalinidae,NA,NA
f9352b8e784f612d290d3e8ee8a8706924a00da8,Metazoa,Mollusca,Bivalvia,Mytilida,Mytilidae,Gregariella,Gregariella semigranata
f9508209a795b16fea6c0feca56144c5ae8c2c16,Metazoa,Porifera,Demospongiae,Haplosclerida,Chalinidae,Haliclona,Haliclona aff. aquaeductus
f96d6da65174cdc2a6fc40b1bd174575c98dfd04,Metazoa,Porifera,Demospongiae,Poecilosclerida,Mycalidae,Mycale,NA
f9f012ab6baaa8f84f1832d10de33f2203e7a4ce,Metazoa,Mollusca,Gastropoda,NA,Cerithiidae,Bittium,Bittium reticulatum
fa66c892e234c03bc8094f1ed038c5573a513448,Metazoa,Chordata,Actinopteri,Cichliformes,Cichlidae,Hypsophrys,Hypsophrys nematopus
fa7f69a83d78b55098d173f4da9c58af63adc5ca,Metazoa,Porifera,Demospongiae,Haplosclerida,Chalinidae,Haliclona,Haliclona aff. aquaeductus
fafb7e087b0c8e22b50223534d21d8fa15509f96,Metazoa,Mollusca,Gastropoda,NA,Cerithiidae,Bittium,NA
fb0bbc916ea5a9dd6435fc564ae179c8c497ece6,NA,Cyanobacteriota,Cyanophyceae,Synechococcales,Synechococcaceae,Synechococcus,NA
fd4ab9157c98ac5657420bf9458e823431a2b7b4,Metazoa,Cnidaria,Hydrozoa,Leptothecata,Campanulariidae,Campanularia,Campanularia hincksii
fec43469038ac0214f5cf0c21991e5ced3487c45,Metazoa,Cnidaria,Anthozoa,Actiniaria,Aiptasiidae,Exaiptasia,Exaiptasia diaphana
ff20a437c25f2af9d46a27117dc8a2eec3b3b075,Metazoa,Annelida,Polychaeta,Sabellida,Serpulidae,Hydroides,Hydroides elegans
