database,status,blocked_rank,response,SE,df,asymp.LCL,asymp.UCL,pident_retransf,LCL_retransf,UCL_retransf
123,Correcto,no_block,0.938009054985772,4.2435165097426e-4,Inf,0.9371721118446,0.938835576680314,98.7601810997154,98.74344223689201,98.77671153360629
12,Correcto,no_block,0.963560030887595,3.0058549122139e-4,Inf,0.962966289991173,0.964144607103973,99.2712006177519,99.25932579982346,99.28289214207946
123,Incorrecto,no_block,0.764678059240159,0.00149903199636076,Inf,0.761727324426513,0.767603401072743,95.2935611848032,95.23454648853026,95.35206802145487
12,Incorrecto,no_block,0.73754215474723706,0.00135986359296124,Inf,0.734868167576041,0.740198707716193,94.7508430949447,94.69736335152082,94.80397415432387
123,Correcto,species,0.174154526717112,0.00102264515294289,Inf,0.172159271786441,0.176167984906266,83.4830905343422,83.44318543572882,83.52335969812532
12,Correcto,species,0.799284707150347,0.00113804726706004,Inf,0.797044891418262,0.801505960108976,95.985694143007,95.94089782836524,96.03011920217952
123,Incorrecto,species,0.0861876206923969,5.5457977668288e-4,Inf,0.0851068537392365,0.0872808029153882,81.7237524138479,81.70213707478473,81.74561605830776
12,Incorrecto,species,0.710966981536652,0.0014433168750263,Inf,0.708129937888092,0.713787594446047,94.219339630733,94.16259875776184,94.27575188892094
123,Correcto,genus,0.0863558970516915,5.6222232895268e-4,Inf,0.0852603087273531,0.0874642174899239,81.7271179410338,81.70520617454706,81.74928434979847
12,Correcto,genus,0.738562409498318,0.00136240223091143,Inf,0.735883354322732,0.741223845946569,94.7712481899664,94.71766708645464,94.82447691893138
123,Incorrecto,genus,0.0826348296244428,5.3444103482789e-4,Inf,0.0815933672498285,0.0836883739540859,81.6526965924889,81.63186734499656,81.67376747908172
12,Incorrecto,genus,0.681653665689407,0.00152458865814756,Inf,0.678658081038364,0.68463430172129,93.6330733137881,93.57316162076728,93.6926860344258
123,Correcto,family,0.0760422817830619,4.9504177645821e-4,Inf,0.0750776805188218,0.0770182443013101,81.5208456356612,81.50155361037643,81.5403648860262
12,Correcto,family,0.673562603350063,0.00154370026982132,Inf,0.670529811047404,0.676580943944234,93.4712520670013,93.41059622094808,93.53161887888467
123,Incorrecto,family,0.0694439759788892,5.0497934894174e-4,Inf,0.0684607377138653,0.0704402677713665,81.3888795195778,81.36921475427731,81.40880535542733
12,Incorrecto,family,0.581383588416546,0.00189609772039884,Inf,0.577662753584949,0.585095187135514,91.6276717683309,91.55325507169898,91.70190374271029
123,Correcto,order,0.0383688049548359,3.3399524118675e-4,Inf,0.0377195211338879,0.0390288119019669,80.7673760990967,80.75439042267776,80.78057623803934
12,Correcto,order,0.437235041470762,0.0017280440892605,Inf,0.433851114192596,0.440624820659278,88.7447008294152,88.67702228385193,88.81249641318556
123,Incorrecto,order,0.0445430201783584,3.0644813896182e-4,Inf,0.0439462387533723,0.0451475230779108,80.8908604035672,80.87892477506745,80.90295046155822
12,Incorrecto,order,0.43683176981387,0.00173447422708746,Inf,0.43343528162353,0.440234192649069,88.7366353962774,88.6687056324706,88.80468385298138
123,Correcto,class,0.0444256950625247,3.0555563425875e-4,Inf,0.0438306511570114,0.0450284368426062,80.8885139012505,80.87661302314022,80.90056873685212
12,Correcto,class,0.373130276237961,0.00164260197172875,Inf,0.369916498253841,0.376355297648415,87.4626055247592,87.39832996507683,87.5271059529683
123,Incorrecto,class,0.0333477696567704,7.5890197568939e-4,Inf,0.0318919544287456,0.0348676469716545,80.6669553931354,80.6378390885749,80.69735293943309
12,Incorrecto,class,0.34238252313888,0.00159574239009391,Inf,0.339261808279699,0.345516932911566,86.8476504627776,86.78523616559399,86.91033865823132
