effect,component,group,term,estimate,std.error,statistic,p.value
fixed,cond,NA,(Intercept),2.7167712762411678,0.00729777733621812,372.27379667479175,0
fixed,cond,NA,database12,0.5581972899306868,0.0053313209646505865,104.70149773983285,0
fixed,cond,NA,statusIncorrecto,-1.5382709058705557,0.005020390566932327,-306.40462835753135,0
fixed,cond,NA,blocked_rankspecies,-4.273235964228956,0.002465514471994989,-1733.202547690274,0
fixed,cond,NA,blocked_rankgenus,-5.075735293087791,0.0025179385371077636,-2015.8297028640131,0
fixed,cond,NA,blocked_rankfamily,-5.214148062492536,0.002289185774641555,-2277.730414129005,0
fixed,cond,NA,blocked_rankorder,-5.938157521792927,0.006136211205973846,-967.7237830425221,0
fixed,cond,NA,blocked_rankclass,-5.785265782730101,0.0027286590148684364,-2120.186418019344,0
fixed,cond,NA,database12:statusIncorrecto,-0.7034648943640478,0.007009835527799616,-100.3539800005643,0
fixed,cond,NA,database12:blocked_rankspecies,2.3800971592465507,0.005565325531957919,427.6653981118004,0
fixed,cond,NA,database12:blocked_rankgenus,2.8392767384057263,0.005541775224721958,512.3406531790864,0
fixed,cond,NA,database12:blocked_rankfamily,2.6635222505190725,0.00540003514799229,493.24165075283975,0
fixed,cond,NA,database12:blocked_rankorder,2.4107977979011754,0.007848943017115457,307.1493566260035,0
fixed,cond,NA,database12:blocked_rankclass,1.9914860993261543,0.005600902387487753,355.56522173553213,0
fixed,cond,NA,statusIncorrecto:blocked_rankspecies,0.7336368736557864,0.005191331002207931,141.31961020088343,0
fixed,cond,NA,statusIncorrecto:blocked_rankgenus,1.490160564662515,0.005233874715048625,284.71460357619026,0
fixed,cond,NA,statusIncorrecto:blocked_rankfamily,1.4403857358127645,0.006138105485070043,234.66291664688262,0
fixed,cond,NA,statusIncorrecto:blocked_rankorder,1.6939228802458604,0.007788804014620229,217.4817696101002,0
fixed,cond,NA,statusIncorrecto:blocked_rankclass,1.239917512559058,0.023076757196508427,53.730145097971594,0
fixed,cond,NA,database12:statusIncorrecto:blocked_rankspecies,1.0263542223194728,0.007223019252560612,142.09490331285258,0
fixed,cond,NA,database12:statusIncorrecto:blocked_rankgenus,0.4744470396260156,0.0072205203508856316,65.70815073844676,0
fixed,cond,NA,database12:statusIncorrecto:blocked_rankfamily,0.40546305512374503,0.008553906368512472,47.40092276626769,0
fixed,cond,NA,database12:statusIncorrecto:blocked_rankorder,0.5461738388026658,0.00923868175093984,59.11815706251643,0
fixed,cond,NA,database12:statusIncorrecto:blocked_rankclass,0.8679345855138488,0.023615299811730675,36.75306231270926,1.0387893053426164e-295
