fastq_header,locus,step,nReads
10_NNNNACACACAC,all_loci,demultiplexing,78964
10_NNTGCTCGAT,all_loci,demultiplexing,47091
10_NNNACACTAGC,all_loci,demultiplexing,79893
10_NNNACACAGCA,all_loci,demultiplexing,830
10_NNNNTCGTGCTC,all_loci,demultiplexing,172005
10_NNTCATACGT,all_loci,demultiplexing,97980
10_NNAGCGCTCG,all_loci,demultiplexing,17272
10_NNNGTACGCTG,all_loci,demultiplexing,13894
10_NNNNTGCTGCAC,all_loci,demultiplexing,61330
10_NNNNGCGACGTG,all_loci,demultiplexing,26181
10_NNACACGCGA,all_loci,demultiplexing,122218
10_NNNGTGCGACG,all_loci,demultiplexing,16249
10_NNNAGCGAGTC,all_loci,demultiplexing,33915
10_NNNNATGTCTGC,all_loci,demultiplexing,117450
10_NNTGCTCAGA,all_loci,demultiplexing,61560
10_NNATGTCGAG,all_loci,demultiplexing,30516
10_NNNGTGCAGAC,all_loci,demultiplexing,17651
10_NNNNACACTCTG,all_loci,demultiplexing,52798
10_NNNNACACATGT,all_loci,demultiplexing,36442
10_NNTAGCAGTG,all_loci,demultiplexing,34019
10_NNNACACTGAT,all_loci,demultiplexing,61326
10_NNNACACGACG,all_loci,demultiplexing,16660
10_NNNNGCGAGTAG,all_loci,demultiplexing,19555
10_NNAGCTAGCA,all_loci,demultiplexing,30236
10_NNNNTCATATAC,all_loci,demultiplexing,48156
10_NNTCAGTATA,all_loci,demultiplexing,45666
10_NNNACAGCGTC,all_loci,demultiplexing,39825
10_NNNGCGTCAGA,all_loci,demultiplexing,51325
10_NNNNGACACTGA,all_loci,demultiplexing,9220
10_NNAGCTGACG,all_loci,demultiplexing,26301
10_NNGACACACG,all_loci,demultiplexing,21957
10_NNNAGATCTCT,all_loci,demultiplexing,31542
10_NNNNTCAGTCAC,all_loci,demultiplexing,64668
10_NNNNAGCTATAG,all_loci,demultiplexing,23538
10_NNTGTACTAT,all_loci,demultiplexing,40087
10_NNNACAGCTAT,all_loci,demultiplexing,20821
10_NNNACAGACTA,all_loci,demultiplexing,30345
10_NNNNGACAGAGC,all_loci,demultiplexing,16838
10_NNTGTAGCTA,all_loci,demultiplexing,63396
10_NNACAGAGAG,all_loci,demultiplexing,36498
10_NNNTCATCTGA,all_loci,demultiplexing,36874
10_NNNNGACAGTCT,all_loci,demultiplexing,22428
10_NNNNGACACGAC,all_loci,demultiplexing,51154
10_NNTGTAGACT,all_loci,demultiplexing,48682
10_NNNGTGTAGCA,all_loci,demultiplexing,21972
10_NNNTGTACAGC,all_loci,demultiplexing,134462
10_NNNNGACAGCAG,all_loci,demultiplexing,11363
10_NNGCGCGCGC,all_loci,demultiplexing,33917
10_NNNNGTACTAGT,all_loci,demultiplexing,80593
10_NNTAGCGATA,all_loci,demultiplexing,26721
10_NNNGACGAGCA,all_loci,demultiplexing,85738
10_NNNGACATATA,all_loci,demultiplexing,30883
10_NNNNAGTACGCT,all_loci,demultiplexing,40793
10_NNGCGTACAC,all_loci,demultiplexing,19551
10_NNACAGTCGT,all_loci,demultiplexing,40824
10_NNNGACGACAC,all_loci,demultiplexing,17171
10_NNNNACATCAGT,all_loci,demultiplexing,32681
10_NNNNGACATCGT,all_loci,demultiplexing,21901
10_NNTGTATGCA,all_loci,demultiplexing,43225
10_NNNGTGTGAGC,all_loci,demultiplexing,16460
10_NNNGTGCACTA,all_loci,demultiplexing,15093
10_NNNNTCGACTCT,all_loci,demultiplexing,56193
10_NNTGTCAGTA,all_loci,demultiplexing,78982
10_NNATCGCAGT,all_loci,demultiplexing,44530
10_NNNGTGTCGTC,all_loci,demultiplexing,68299
10_NNNNTGTCATGT,all_loci,demultiplexing,69412
10_NNNNGTGTCACT,all_loci,demultiplexing,61217
10_NNTGTCACAC,all_loci,demultiplexing,173458
10_NNNGACGCATC,all_loci,demultiplexing,79025
10_NNNTGTATCGT,all_loci,demultiplexing,93168
10_NNNNACATATCG,all_loci,demultiplexing,84991
10_NNAGTATACG,all_loci,demultiplexing,29838
10_NNNNGCGTATGT,all_loci,demultiplexing,83413
10_NNNACGACACG,all_loci,demultiplexing,38589
10_NNNNACATGTGC,all_loci,demultiplexing,59466
10_NNAGTCATCG,all_loci,demultiplexing,172146
10_NNGACGCTAG,all_loci,demultiplexing,15140
10_NNNTGCTATCT,all_loci,demultiplexing,26061
10_NNNNTACAGTAC,all_loci,demultiplexing,21947
10_NNNNACATGATA,all_loci,demultiplexing,37991
10_NNAGTCACGA,all_loci,demultiplexing,50163
10_NNNACGACTGA,all_loci,demultiplexing,58101
10_NNNACATGCAG,all_loci,demultiplexing,38629
10_NNNNTGTCTATC,all_loci,demultiplexing,56649
10_NNAGTCGATA,all_loci,demultiplexing,71280
10_NNGACGTACT,all_loci,demultiplexing,15590
10_NNNGACGTCTG,all_loci,demultiplexing,67422
10_NNNNTGTGAGAG,all_loci,demultiplexing,14015
10_NNNAGTATGTC,all_loci,demultiplexing,60540
10_NNTCAGCTCG,all_loci,demultiplexing,63293
10_NNNGACTACGA,all_loci,demultiplexing,64010
10_NNACACGCGA,Locus_COI_Fwd,noprimer_,77086
10_NNACACGCGA,Locus_COI_Rev,noprimer_,44416
10_NNACAGAGAG,Locus_COI_Fwd,noprimer_,23903
10_NNACAGAGAG,Locus_COI_Rev,noprimer_,12086
10_NNACAGTCGT,Locus_COI_Fwd,noprimer_,25843
10_NNACAGTCGT,Locus_COI_Rev,noprimer_,14477
10_NNAGCGCTCG,Locus_COI_Fwd,noprimer_,10119
10_NNAGCGCTCG,Locus_COI_Rev,noprimer_,7050
10_NNAGCTAGCA,Locus_COI_Fwd,noprimer_,19181
10_NNAGCTAGCA,Locus_COI_Rev,noprimer_,10913
10_NNAGCTGACG,Locus_COI_Fwd,noprimer_,15689
10_NNAGCTGACG,Locus_COI_Rev,noprimer_,10350
10_NNAGTATACG,Locus_COI_Fwd,noprimer_,18861
10_NNAGTATACG,Locus_COI_Rev,noprimer_,10684
10_NNAGTCACGA,Locus_COI_Fwd,noprimer_,31539
10_NNAGTCACGA,Locus_COI_Rev,noprimer_,18207
10_NNAGTCATCG,Locus_COI_Fwd,noprimer_,102431
10_NNAGTCATCG,Locus_COI_Rev,noprimer_,68510
10_NNAGTCGATA,Locus_COI_Fwd,noprimer_,48869
10_NNAGTCGATA,Locus_COI_Rev,noprimer_,21763
10_NNATCGCAGT,Locus_COI_Fwd,noprimer_,26007
10_NNATCGCAGT,Locus_COI_Rev,noprimer_,18017
10_NNATGTCGAG,Locus_COI_Fwd,noprimer_,19036
10_NNATGTCGAG,Locus_COI_Rev,noprimer_,11313
10_NNGACACACG,Locus_COI_Fwd,noprimer_,12988
10_NNGACACACG,Locus_COI_Rev,noprimer_,8846
10_NNGACGCTAG,Locus_COI_Fwd,noprimer_,8882
10_NNGACGCTAG,Locus_COI_Rev,noprimer_,6187
10_NNGACGTACT,Locus_COI_Fwd,noprimer_,9296
10_NNGACGTACT,Locus_COI_Rev,noprimer_,6100
10_NNGCGCGCGC,Locus_COI_Fwd,noprimer_,19288
10_NNGCGCGCGC,Locus_COI_Rev,noprimer_,13878
10_NNGCGTACAC,Locus_COI_Fwd,noprimer_,13173
10_NNGCGTACAC,Locus_COI_Rev,noprimer_,6231
10_NNNACACAGCA,Locus_COI_Fwd,noprimer_,534
10_NNNACACAGCA,Locus_COI_Rev,noprimer_,289
10_NNNACACGACG,Locus_COI_Fwd,noprimer_,9990
10_NNNACACGACG,Locus_COI_Rev,noprimer_,6549
10_NNNACACTAGC,Locus_COI_Fwd,noprimer_,48166
10_NNNACACTAGC,Locus_COI_Rev,noprimer_,31260
10_NNNACACTGAT,Locus_COI_Fwd,noprimer_,36830
10_NNNACACTGAT,Locus_COI_Rev,noprimer_,23965
10_NNNACAGACTA,Locus_COI_Fwd,noprimer_,20508
10_NNNACAGACTA,Locus_COI_Rev,noprimer_,9639
10_NNNACAGCGTC,Locus_COI_Fwd,noprimer_,24333
10_NNNACAGCGTC,Locus_COI_Rev,noprimer_,15042
10_NNNACAGCTAT,Locus_COI_Fwd,noprimer_,11938
10_NNNACAGCTAT,Locus_COI_Rev,noprimer_,8731
10_NNNACATGCAG,Locus_COI_Fwd,noprimer_,22873
10_NNNACATGCAG,Locus_COI_Rev,noprimer_,15561
10_NNNACGACACG,Locus_COI_Fwd,noprimer_,23350
10_NNNACGACACG,Locus_COI_Rev,noprimer_,14994
10_NNNACGACTGA,Locus_COI_Fwd,noprimer_,37373
10_NNNACGACTGA,Locus_COI_Rev,noprimer_,20241
10_NNNAGATCTCT,Locus_COI_Fwd,noprimer_,19153
10_NNNAGATCTCT,Locus_COI_Rev,noprimer_,12142
10_NNNAGCGAGTC,Locus_COI_Fwd,noprimer_,23901
10_NNNAGCGAGTC,Locus_COI_Rev,noprimer_,9816
10_NNNAGTATGTC,Locus_COI_Fwd,noprimer_,39220
10_NNNAGTATGTC,Locus_COI_Rev,noprimer_,20679
10_NNNGACATATA,Locus_COI_Fwd,noprimer_,23003
10_NNNGACATATA,Locus_COI_Rev,noprimer_,7703
10_NNNGACGACAC,Locus_COI_Fwd,noprimer_,11578
10_NNNGACGACAC,Locus_COI_Rev,noprimer_,5473
10_NNNGACGAGCA,Locus_COI_Fwd,noprimer_,50918
10_NNNGACGAGCA,Locus_COI_Rev,noprimer_,32968
10_NNNGACGCATC,Locus_COI_Fwd,noprimer_,50070
10_NNNGACGCATC,Locus_COI_Rev,noprimer_,28136
10_NNNGACGTCTG,Locus_COI_Fwd,noprimer_,39657
10_NNNGACGTCTG,Locus_COI_Rev,noprimer_,26955
10_NNNGACTACGA,Locus_COI_Fwd,noprimer_,39966
10_NNNGACTACGA,Locus_COI_Rev,noprimer_,22801
10_NNNGCGTCAGA,Locus_COI_Fwd,noprimer_,33838
10_NNNGCGTCAGA,Locus_COI_Rev,noprimer_,17210
10_NNNGTACGCTG,Locus_COI_Fwd,noprimer_,8042
10_NNNGTACGCTG,Locus_COI_Rev,noprimer_,5744
10_NNNGTGCACTA,Locus_COI_Fwd,noprimer_,9905
10_NNNGTGCACTA,Locus_COI_Rev,noprimer_,5103
10_NNNGTGCAGAC,Locus_COI_Fwd,noprimer_,11816
10_NNNGTGCAGAC,Locus_COI_Rev,noprimer_,5719
10_NNNGTGCGACG,Locus_COI_Fwd,noprimer_,9398
10_NNNGTGCGACG,Locus_COI_Rev,noprimer_,6742
10_NNNGTGTAGCA,Locus_COI_Fwd,noprimer_,14291
10_NNNGTGTAGCA,Locus_COI_Rev,noprimer_,7362
10_NNNGTGTCGTC,Locus_COI_Fwd,noprimer_,42797
10_NNNGTGTCGTC,Locus_COI_Rev,noprimer_,24381
10_NNNGTGTGAGC,Locus_COI_Fwd,noprimer_,9887
10_NNNGTGTGAGC,Locus_COI_Rev,noprimer_,6389
10_NNNNACACACAC,Locus_COI_Fwd,noprimer_,51780
10_NNNNACACACAC,Locus_COI_Rev,noprimer_,26598
10_NNNNACACATGT,Locus_COI_Fwd,noprimer_,23084
10_NNNNACACATGT,Locus_COI_Rev,noprimer_,13163
10_NNNNACACTCTG,Locus_COI_Fwd,noprimer_,32426
10_NNNNACACTCTG,Locus_COI_Rev,noprimer_,20051
10_NNNNACATATCG,Locus_COI_Fwd,noprimer_,54236
10_NNNNACATATCG,Locus_COI_Rev,noprimer_,29385
10_NNNNACATCAGT,Locus_COI_Fwd,noprimer_,20218
10_NNNNACATCAGT,Locus_COI_Rev,noprimer_,12281
10_NNNNACATGATA,Locus_COI_Fwd,noprimer_,26951
10_NNNNACATGATA,Locus_COI_Rev,noprimer_,10735
10_NNNNACATGTGC,Locus_COI_Fwd,noprimer_,35700
10_NNNNACATGTGC,Locus_COI_Rev,noprimer_,23399
10_NNNNAGCTATAG,Locus_COI_Fwd,noprimer_,15274
10_NNNNAGCTATAG,Locus_COI_Rev,noprimer_,8040
10_NNNNAGTACGCT,Locus_COI_Fwd,noprimer_,23583
10_NNNNAGTACGCT,Locus_COI_Rev,noprimer_,16953
10_NNNNATGTCTGC,Locus_COI_Fwd,noprimer_,70089
10_NNNNATGTCTGC,Locus_COI_Rev,noprimer_,46357
10_NNNNGACACGAC,Locus_COI_Fwd,noprimer_,30134
10_NNNNGACACGAC,Locus_COI_Rev,noprimer_,19426
10_NNNNGACACTGA,Locus_COI_Fwd,noprimer_,5982
10_NNNNGACACTGA,Locus_COI_Rev,noprimer_,3156
10_NNNNGACAGAGC,Locus_COI_Fwd,noprimer_,10369
10_NNNNGACAGAGC,Locus_COI_Rev,noprimer_,6343
10_NNNNGACAGCAG,Locus_COI_Fwd,noprimer_,6797
10_NNNNGACAGCAG,Locus_COI_Rev,noprimer_,4414
10_NNNNGACAGTCT,Locus_COI_Fwd,noprimer_,13457
10_NNNNGACAGTCT,Locus_COI_Rev,noprimer_,8691
10_NNNNGACATCGT,Locus_COI_Fwd,noprimer_,13803
10_NNNNGACATCGT,Locus_COI_Rev,noprimer_,7951
10_NNNNGCGACGTG,Locus_COI_Fwd,noprimer_,14054
10_NNNNGCGACGTG,Locus_COI_Rev,noprimer_,10976
10_NNNNGCGAGTAG,Locus_COI_Fwd,noprimer_,12674
10_NNNNGCGAGTAG,Locus_COI_Rev,noprimer_,6771
10_NNNNGCGTATGT,Locus_COI_Fwd,noprimer_,49708
10_NNNNGCGTATGT,Locus_COI_Rev,noprimer_,28276
10_NNNNGTACTAGT,Locus_COI_Fwd,noprimer_,46963
10_NNNNGTACTAGT,Locus_COI_Rev,noprimer_,31653
10_NNNNGTGTCACT,Locus_COI_Fwd,noprimer_,37127
10_NNNNGTGTCACT,Locus_COI_Rev,noprimer_,23427
10_NNNNTACAGTAC,Locus_COI_Fwd,noprimer_,14281
10_NNNNTACAGTAC,Locus_COI_Rev,noprimer_,7531
10_NNNNTCAGTCAC,Locus_COI_Fwd,noprimer_,41006
10_NNNNTCAGTCAC,Locus_COI_Rev,noprimer_,22961
10_NNNNTCATATAC,Locus_COI_Fwd,noprimer_,34276
10_NNNNTCATATAC,Locus_COI_Rev,noprimer_,13495
10_NNNNTCGACTCT,Locus_COI_Fwd,noprimer_,34731
10_NNNNTCGACTCT,Locus_COI_Rev,noprimer_,21060
10_NNNNTCGTGCTC,Locus_COI_Fwd,noprimer_,111851
10_NNNNTCGTGCTC,Locus_COI_Rev,noprimer_,59065
10_NNNNTGCTGCAC,Locus_COI_Fwd,noprimer_,36415
10_NNNNTGCTGCAC,Locus_COI_Rev,noprimer_,23857
10_NNNNTGTCATGT,Locus_COI_Fwd,noprimer_,43692
10_NNNNTGTCATGT,Locus_COI_Rev,noprimer_,25024
10_NNNNTGTCTATC,Locus_COI_Fwd,noprimer_,37146
10_NNNNTGTCTATC,Locus_COI_Rev,noprimer_,18954
10_NNNNTGTGAGAG,Locus_COI_Fwd,noprimer_,9137
10_NNNNTGTGAGAG,Locus_COI_Rev,noprimer_,4738
10_NNNTCATCTGA,Locus_COI_Fwd,noprimer_,23518
10_NNNTCATCTGA,Locus_COI_Rev,noprimer_,13045
10_NNNTGCTATCT,Locus_COI_Fwd,noprimer_,16252
10_NNNTGCTATCT,Locus_COI_Rev,noprimer_,9694
10_NNNTGTACAGC,Locus_COI_Fwd,noprimer_,74983
10_NNNTGTACAGC,Locus_COI_Rev,noprimer_,55580
10_NNNTGTATCGT,Locus_COI_Fwd,noprimer_,59265
10_NNNTGTATCGT,Locus_COI_Rev,noprimer_,32624
10_NNTAGCAGTG,Locus_COI_Fwd,noprimer_,19508
10_NNTAGCAGTG,Locus_COI_Rev,noprimer_,13060
10_NNTAGCGATA,Locus_COI_Fwd,noprimer_,19299
10_NNTAGCGATA,Locus_COI_Rev,noprimer_,7259
10_NNTCAGCTCG,Locus_COI_Fwd,noprimer_,36748
10_NNTCAGCTCG,Locus_COI_Rev,noprimer_,25902
10_NNTCAGTATA,Locus_COI_Fwd,noprimer_,33223
10_NNTCAGTATA,Locus_COI_Rev,noprimer_,12228
10_NNTCATACGT,Locus_COI_Fwd,noprimer_,63189
10_NNTCATACGT,Locus_COI_Rev,noprimer_,34223
10_NNTGCTCAGA,Locus_COI_Fwd,noprimer_,41196
10_NNTGCTCAGA,Locus_COI_Rev,noprimer_,20076
10_NNTGCTCGAT,Locus_COI_Fwd,noprimer_,29866
10_NNTGCTCGAT,Locus_COI_Rev,noprimer_,16889
10_NNTGTACTAT,Locus_COI_Fwd,noprimer_,26032
10_NNTGTACTAT,Locus_COI_Rev,noprimer_,13796
10_NNTGTAGACT,Locus_COI_Fwd,noprimer_,31060
10_NNTGTAGACT,Locus_COI_Rev,noprimer_,16908
10_NNTGTAGCTA,Locus_COI_Fwd,noprimer_,38677
10_NNTGTAGCTA,Locus_COI_Rev,noprimer_,24287
10_NNTGTATGCA,Locus_COI_Fwd,noprimer_,29632
10_NNTGTATGCA,Locus_COI_Rev,noprimer_,13187
10_NNTGTCACAC,Locus_COI_Fwd,noprimer_,110457
10_NNTGTCACAC,Locus_COI_Rev,noprimer_,59644
10_NNTGTCAGTA,Locus_COI_Fwd,noprimer_,52748
10_NNTGTCAGTA,Locus_COI_Rev,noprimer_,25818
12_NNNAGTATGTC,all_loci,demultiplexing,30869
12_NNACGAGCAT,all_loci,demultiplexing,48190
12_NNNNGTACTAGT,all_loci,demultiplexing,24664
12_NNTAGCGATA,all_loci,demultiplexing,49799
12_NNNGACGAGCA,all_loci,demultiplexing,45958
12_NNNGACATATA,all_loci,demultiplexing,39084
12_NNNNAGTACGCT,all_loci,demultiplexing,31389
12_NNGCGTACAC,all_loci,demultiplexing,27273
12_NNACAGTCGT,all_loci,demultiplexing,40440
12_NNNGACGACAC,all_loci,demultiplexing,50387
12_NNNNACATCAGT,all_loci,demultiplexing,44447
12_NNNNGACATCGT,all_loci,demultiplexing,7698
12_NNTGTATGCA,all_loci,demultiplexing,53394
12_NNNGTGTGAGC,all_loci,demultiplexing,19554
12_NNNGTGCACTA,all_loci,demultiplexing,14470
12_NNNNTCGACTCT,all_loci,demultiplexing,28157
12_NNTGTCAGTA,all_loci,demultiplexing,72617
12_NNATCGCAGT,all_loci,demultiplexing,35375
12_NNNGTGTCGTC,all_loci,demultiplexing,85873
12_NNNNTGTCATGT,all_loci,demultiplexing,70561
12_NNNNGTGTCACT,all_loci,demultiplexing,119826
12_NNTGTCACAC,all_loci,demultiplexing,124298
12_NNNGACGCATC,all_loci,demultiplexing,78000
12_NNNTGTATCGT,all_loci,demultiplexing,60839
12_NNNNACATATCG,all_loci,demultiplexing,50104
12_NNAGTATACG,all_loci,demultiplexing,20270
12_NNNNGCGTATGT,all_loci,demultiplexing,52712
12_NNTCAGCTCG,all_loci,demultiplexing,57179
12_NNNGACTACGA,all_loci,demultiplexing,23804
12_NNNACGACACG,all_loci,demultiplexing,143610
12_NNNNACATGTGC,all_loci,demultiplexing,77963
12_NNAGTCATCG,all_loci,demultiplexing,134752
12_NNGACGCTAG,all_loci,demultiplexing,12709
12_NNNTGCTATCT,all_loci,demultiplexing,27812
12_NNNNTACAGTAC,all_loci,demultiplexing,17944
12_NNNNACATGATA,all_loci,demultiplexing,40297
12_NNAGTCACGA,all_loci,demultiplexing,125378
12_NNNACGACTGA,all_loci,demultiplexing,43646
12_NNNACATGCAG,all_loci,demultiplexing,35581
12_NNNNTGTCTATC,all_loci,demultiplexing,50093
12_NNAGTCGATA,all_loci,demultiplexing,70731
12_NNGACGTACT,all_loci,demultiplexing,13192
12_NNNGACGTCTG,all_loci,demultiplexing,75539
12_NNNNTGTGAGAG,all_loci,demultiplexing,31950
12_NNACAGTCGT,Locus_COI_Fwd,noprimer_,25062
12_NNACAGTCGT,Locus_COI_Rev,noprimer_,14930
12_NNACGAGCAT,Locus_COI_Fwd,noprimer_,29099
12_NNACGAGCAT,Locus_COI_Rev,noprimer_,18670
12_NNAGTATACG,Locus_COI_Fwd,noprimer_,12909
12_NNAGTATACG,Locus_COI_Rev,noprimer_,7197
12_NNAGTCACGA,Locus_COI_Fwd,noprimer_,79741
12_NNAGTCACGA,Locus_COI_Rev,noprimer_,44414
12_NNAGTCATCG,Locus_COI_Fwd,noprimer_,84114
12_NNAGTCATCG,Locus_COI_Rev,noprimer_,49307
12_NNAGTCGATA,Locus_COI_Fwd,noprimer_,50242
12_NNAGTCGATA,Locus_COI_Rev,noprimer_,19438
12_NNATCGCAGT,Locus_COI_Fwd,noprimer_,20675
12_NNATCGCAGT,Locus_COI_Rev,noprimer_,14188
12_NNGACGCTAG,Locus_COI_Fwd,noprimer_,7658
12_NNGACGCTAG,Locus_COI_Rev,noprimer_,4973
12_NNGACGTACT,Locus_COI_Fwd,noprimer_,8376
12_NNGACGTACT,Locus_COI_Rev,noprimer_,4712
12_NNGCGTACAC,Locus_COI_Fwd,noprimer_,18511
12_NNGCGTACAC,Locus_COI_Rev,noprimer_,8609
12_NNNACATGCAG,Locus_COI_Fwd,noprimer_,21865
12_NNNACATGCAG,Locus_COI_Rev,noprimer_,13506
12_NNNACGACACG,Locus_COI_Fwd,noprimer_,90665
12_NNNACGACACG,Locus_COI_Rev,noprimer_,51712
12_NNNACGACTGA,Locus_COI_Fwd,noprimer_,28273
12_NNNACGACTGA,Locus_COI_Rev,noprimer_,14892
12_NNNAGTATGTC,Locus_COI_Fwd,noprimer_,20395
12_NNNAGTATGTC,Locus_COI_Rev,noprimer_,10194
12_NNNGACATATA,Locus_COI_Fwd,noprimer_,28002
12_NNNGACATATA,Locus_COI_Rev,noprimer_,10702
12_NNNGACGACAC,Locus_COI_Fwd,noprimer_,33445
12_NNNGACGACAC,Locus_COI_Rev,noprimer_,16233
12_NNNGACGAGCA,Locus_COI_Fwd,noprimer_,28849
12_NNNGACGAGCA,Locus_COI_Rev,noprimer_,16706
12_NNNGACGCATC,Locus_COI_Fwd,noprimer_,47126
12_NNNGACGCATC,Locus_COI_Rev,noprimer_,30440
12_NNNGACGTCTG,Locus_COI_Fwd,noprimer_,46586
12_NNNGACGTCTG,Locus_COI_Rev,noprimer_,28198
12_NNNGACTACGA,Locus_COI_Fwd,noprimer_,15799
12_NNNGACTACGA,Locus_COI_Rev,noprimer_,7822
12_NNNGTGCACTA,Locus_COI_Fwd,noprimer_,9137
12_NNNGTGCACTA,Locus_COI_Rev,noprimer_,5143
12_NNNGTGTCGTC,Locus_COI_Fwd,noprimer_,55000
12_NNNGTGTCGTC,Locus_COI_Rev,noprimer_,29147
12_NNNGTGTGAGC,Locus_COI_Fwd,noprimer_,11437
12_NNNGTGTGAGC,Locus_COI_Rev,noprimer_,7923
12_NNNNACATATCG,Locus_COI_Fwd,noprimer_,32392
12_NNNNACATATCG,Locus_COI_Rev,noprimer_,17023
12_NNNNACATCAGT,Locus_COI_Fwd,noprimer_,27194
12_NNNNACATCAGT,Locus_COI_Rev,noprimer_,16885
12_NNNNACATGATA,Locus_COI_Fwd,noprimer_,29912
12_NNNNACATGATA,Locus_COI_Rev,noprimer_,10077
12_NNNNACATGTGC,Locus_COI_Fwd,noprimer_,46534
12_NNNNACATGTGC,Locus_COI_Rev,noprimer_,30142
12_NNNNAGTACGCT,Locus_COI_Fwd,noprimer_,17985
12_NNNNAGTACGCT,Locus_COI_Rev,noprimer_,13118
12_NNNNGACATCGT,Locus_COI_Fwd,noprimer_,4701
12_NNNNGACATCGT,Locus_COI_Rev,noprimer_,2941
12_NNNNGCGTATGT,Locus_COI_Fwd,noprimer_,34940
12_NNNNGCGTATGT,Locus_COI_Rev,noprimer_,17180
12_NNNNGTACTAGT,Locus_COI_Fwd,noprimer_,14599
12_NNNNGTACTAGT,Locus_COI_Rev,noprimer_,9849
12_NNNNGTGTCACT,Locus_COI_Fwd,noprimer_,69717
12_NNNNGTGTCACT,Locus_COI_Rev,noprimer_,49230
12_NNNNTACAGTAC,Locus_COI_Fwd,noprimer_,11551
12_NNNNTACAGTAC,Locus_COI_Rev,noprimer_,6223
12_NNNNTCGACTCT,Locus_COI_Fwd,noprimer_,17182
12_NNNNTCGACTCT,Locus_COI_Rev,noprimer_,10665
12_NNNNTGTCATGT,Locus_COI_Fwd,noprimer_,44299
12_NNNNTGTCATGT,Locus_COI_Rev,noprimer_,25534
12_NNNNTGTCTATC,Locus_COI_Fwd,noprimer_,33642
12_NNNNTGTCTATC,Locus_COI_Rev,noprimer_,15872
12_NNNNTGTGAGAG,Locus_COI_Fwd,noprimer_,21763
12_NNNNTGTGAGAG,Locus_COI_Rev,noprimer_,9909
12_NNNTGCTATCT,Locus_COI_Fwd,noprimer_,16994
12_NNNTGCTATCT,Locus_COI_Rev,noprimer_,10679
12_NNNTGTATCGT,Locus_COI_Fwd,noprimer_,38999
12_NNNTGTATCGT,Locus_COI_Rev,noprimer_,21289
12_NNTAGCGATA,Locus_COI_Fwd,noprimer_,35251
12_NNTAGCGATA,Locus_COI_Rev,noprimer_,14279
12_NNTCAGCTCG,Locus_COI_Fwd,noprimer_,33710
12_NNTCAGCTCG,Locus_COI_Rev,noprimer_,23126
12_NNTGTATGCA,Locus_COI_Fwd,noprimer_,36413
12_NNTGTATGCA,Locus_COI_Rev,noprimer_,16429
12_NNTGTCACAC,Locus_COI_Fwd,noprimer_,77952
12_NNTGTCACAC,Locus_COI_Rev,noprimer_,45324
12_NNTGTCAGTA,Locus_COI_Fwd,noprimer_,46856
12_NNTGTCAGTA,Locus_COI_Rev,noprimer_,25161
15_NNNNACGACGAC,all_loci,demultiplexing,64334
15_NNNNACACACAC,all_loci,demultiplexing,44676
15_NNTGCTCGAT,all_loci,demultiplexing,77948
15_NNNACACTAGC,all_loci,demultiplexing,47092
15_NNNACACAGCA,all_loci,demultiplexing,35004
15_NNNNTCGTGCTC,all_loci,demultiplexing,97641
15_NNTCATACGT,all_loci,demultiplexing,127457
15_NNAGCGCTCG,all_loci,demultiplexing,34897
15_NNNGTACGCTG,all_loci,demultiplexing,27423
15_NNNNTGCTGCAC,all_loci,demultiplexing,48492
15_NNNNGCGACGTG,all_loci,demultiplexing,39887
15_NNACACGCGA,all_loci,demultiplexing,132690
15_NNNGTGCGACG,all_loci,demultiplexing,15032
15_NNNAGCGAGTC,all_loci,demultiplexing,51684
15_NNNNATGTCTGC,all_loci,demultiplexing,49383
15_NNTGCTCAGA,all_loci,demultiplexing,66591
15_NNATGTCGAG,all_loci,demultiplexing,50462
15_NNNGTGCAGAC,all_loci,demultiplexing,30444
15_NNNNACACTCTG,all_loci,demultiplexing,46226
15_NNNNACACATGT,all_loci,demultiplexing,47171
15_NNTAGCAGTG,all_loci,demultiplexing,54869
15_NNNACACTGAT,all_loci,demultiplexing,80234
15_NNNACACGACG,all_loci,demultiplexing,80
15_NNNNGCGAGTAG,all_loci,demultiplexing,99356
15_NNAGCTAGCA,all_loci,demultiplexing,60812
15_NNNNTCATATAC,all_loci,demultiplexing,67126
15_NNTCAGTATA,all_loci,demultiplexing,59661
15_NNNACAGCGTC,all_loci,demultiplexing,40156
15_NNNGCGTCAGA,all_loci,demultiplexing,52839
15_NNNNGACACTGA,all_loci,demultiplexing,25362
15_NNAGCTGACG,all_loci,demultiplexing,37507
15_NNGACACACG,all_loci,demultiplexing,30627
15_NNNAGATCTCT,all_loci,demultiplexing,53066
15_NNNNTCAGTCAC,all_loci,demultiplexing,52767
15_NNNNAGCTATAG,all_loci,demultiplexing,46106
15_NNTGTACTAT,all_loci,demultiplexing,73798
15_NNNACAGCTAT,all_loci,demultiplexing,35775
15_NNNACAGACTA,all_loci,demultiplexing,39139
15_NNNNGACAGAGC,all_loci,demultiplexing,26334
15_NNTGTAGCTA,all_loci,demultiplexing,68869
15_NNACAGAGAG,all_loci,demultiplexing,43915
15_NNNTCATCTGA,all_loci,demultiplexing,75089
15_NNNNGACAGTCT,all_loci,demultiplexing,30396
15_NNNNGACACGAC,all_loci,demultiplexing,36360
15_NNTGTAGACT,all_loci,demultiplexing,62635
15_NNNGTGTAGCA,all_loci,demultiplexing,31433
15_NNNTGTACAGC,all_loci,demultiplexing,54900
15_NNNNGACAGCAG,all_loci,demultiplexing,5919
15_NNGCGCGCGC,all_loci,demultiplexing,26076
15_NNNNGTACTAGT,all_loci,demultiplexing,63540
15_NNTAGCGATA,all_loci,demultiplexing,43874
15_NNNGACGAGCA,all_loci,demultiplexing,52056
15_NNNGACATATA,all_loci,demultiplexing,39198
15_NNNNAGTACGCT,all_loci,demultiplexing,53778
15_NNGCGTACAC,all_loci,demultiplexing,32502
15_NNACAGTCGT,all_loci,demultiplexing,101325
15_NNNGACGACAC,all_loci,demultiplexing,21389
15_NNNNACATCAGT,all_loci,demultiplexing,37259
15_NNNNGACATCGT,all_loci,demultiplexing,21801
15_NNTGTATGCA,all_loci,demultiplexing,63725
15_NNNGTGTGAGC,all_loci,demultiplexing,254527
15_NNNGTGCACTA,all_loci,demultiplexing,25301
15_NNNNTCGACTCT,all_loci,demultiplexing,56435
15_NNTGTCAGTA,all_loci,demultiplexing,109456
15_NNATCGCAGT,all_loci,demultiplexing,40636
15_NNNGTGTCGTC,all_loci,demultiplexing,106217
15_NNNNTGTCATGT,all_loci,demultiplexing,87845
15_NNNNGTGTCACT,all_loci,demultiplexing,114570
15_NNTGTCACAC,all_loci,demultiplexing,130403
15_NNNGACGCATC,all_loci,demultiplexing,74611
15_NNNTGTATCGT,all_loci,demultiplexing,102492
15_NNNNACATATCG,all_loci,demultiplexing,57706
15_NNAGTATACG,all_loci,demultiplexing,42498
15_NNNNGCGTATGT,all_loci,demultiplexing,66306
15_NNTCAGCTCG,all_loci,demultiplexing,71618
15_NNNGACTACGA,all_loci,demultiplexing,39074
15_NNNACGACACG,all_loci,demultiplexing,51048
15_NNNNACATGTGC,all_loci,demultiplexing,128558
15_NNAGTCATCG,all_loci,demultiplexing,105406
15_NNGACGCTAG,all_loci,demultiplexing,11741
15_NNNTGCTATCT,all_loci,demultiplexing,14257
15_NNNNTACAGTAC,all_loci,demultiplexing,21232
15_NNNNACATGATA,all_loci,demultiplexing,7
15_NNAGTCACGA,all_loci,demultiplexing,14003
15_NNNACGACTGA,all_loci,demultiplexing,4464
15_NNNACATGCAG,all_loci,demultiplexing,35499
15_NNNNTGTCTATC,all_loci,demultiplexing,72834
15_NNAGTCGATA,all_loci,demultiplexing,67454
15_NNGACGTACT,all_loci,demultiplexing,2586
15_NNNGACGTCTG,all_loci,demultiplexing,56067
15_NNNNTGTGAGAG,all_loci,demultiplexing,19029
15_NNACACGCGA,Locus_COI_Fwd,noprimer_,74449
15_NNACACGCGA,Locus_COI_Rev,noprimer_,57310
15_NNACAGAGAG,Locus_COI_Fwd,noprimer_,25578
15_NNACAGAGAG,Locus_COI_Rev,noprimer_,18020
15_NNACAGTCGT,Locus_COI_Fwd,noprimer_,57179
15_NNACAGTCGT,Locus_COI_Rev,noprimer_,43030
15_NNAGCGCTCG,Locus_COI_Fwd,noprimer_,18204
15_NNAGCGCTCG,Locus_COI_Rev,noprimer_,16496
15_NNAGCTAGCA,Locus_COI_Fwd,noprimer_,33845
15_NNAGCTAGCA,Locus_COI_Rev,noprimer_,26590
15_NNAGCTGACG,Locus_COI_Fwd,noprimer_,20276
15_NNAGCTGACG,Locus_COI_Rev,noprimer_,16890
15_NNAGTATACG,Locus_COI_Fwd,noprimer_,23277
15_NNAGTATACG,Locus_COI_Rev,noprimer_,19003
15_NNAGTCACGA,Locus_COI_Fwd,noprimer_,7955
15_NNAGTCACGA,Locus_COI_Rev,noprimer_,5929
15_NNAGTCATCG,Locus_COI_Fwd,noprimer_,56831
15_NNAGTCATCG,Locus_COI_Rev,noprimer_,47593
15_NNAGTCGATA,Locus_COI_Fwd,noprimer_,40687
15_NNAGTCGATA,Locus_COI_Rev,noprimer_,25879
15_NNATCGCAGT,Locus_COI_Fwd,noprimer_,21484
15_NNATCGCAGT,Locus_COI_Rev,noprimer_,18789
15_NNATGTCGAG,Locus_COI_Fwd,noprimer_,27799
15_NNATGTCGAG,Locus_COI_Rev,noprimer_,22298
15_NNGACACACG,Locus_COI_Fwd,noprimer_,16332
15_NNGACACACG,Locus_COI_Rev,noprimer_,14054
15_NNGACGCTAG,Locus_COI_Fwd,noprimer_,6349
15_NNGACGCTAG,Locus_COI_Rev,noprimer_,5338
15_NNGACGTACT,Locus_COI_Fwd,noprimer_,1391
15_NNGACGTACT,Locus_COI_Rev,noprimer_,1186
15_NNGCGCGCGC,Locus_COI_Fwd,noprimer_,14077
15_NNGCGCGCGC,Locus_COI_Rev,noprimer_,11590
15_NNGCGTACAC,Locus_COI_Fwd,noprimer_,19226
15_NNGCGTACAC,Locus_COI_Rev,noprimer_,13077
15_NNNACACAGCA,Locus_COI_Fwd,noprimer_,18681
15_NNNACACAGCA,Locus_COI_Rev,noprimer_,16029
15_NNNACACGACG,Locus_COI_Fwd,noprimer_,37
15_NNNACACGACG,Locus_COI_Rev,noprimer_,32
15_NNNACACTAGC,Locus_COI_Fwd,noprimer_,25558
15_NNNACACTAGC,Locus_COI_Rev,noprimer_,21237
15_NNNACACTGAT,Locus_COI_Fwd,noprimer_,43223
15_NNNACACTGAT,Locus_COI_Rev,noprimer_,36410
15_NNNACAGACTA,Locus_COI_Fwd,noprimer_,23668
15_NNNACAGACTA,Locus_COI_Rev,noprimer_,15164
15_NNNACAGCGTC,Locus_COI_Fwd,noprimer_,22143
15_NNNACAGCGTC,Locus_COI_Rev,noprimer_,17536
15_NNNACAGCTAT,Locus_COI_Fwd,noprimer_,18893
15_NNNACAGCTAT,Locus_COI_Rev,noprimer_,16468
15_NNNACATGCAG,Locus_COI_Fwd,noprimer_,19579
15_NNNACATGCAG,Locus_COI_Rev,noprimer_,15718
15_NNNACGACACG,Locus_COI_Fwd,noprimer_,27679
15_NNNACGACACG,Locus_COI_Rev,noprimer_,23024
15_NNNACGACTGA,Locus_COI_Fwd,noprimer_,2583
15_NNNACGACTGA,Locus_COI_Rev,noprimer_,1831
15_NNNAGATCTCT,Locus_COI_Fwd,noprimer_,29153
15_NNNAGATCTCT,Locus_COI_Rev,noprimer_,23551
15_NNNAGCGAGTC,Locus_COI_Fwd,noprimer_,30979
15_NNNAGCGAGTC,Locus_COI_Rev,noprimer_,20375
15_NNNGACATATA,Locus_COI_Fwd,noprimer_,25529
15_NNNGACATATA,Locus_COI_Rev,noprimer_,13450
15_NNNGACGACAC,Locus_COI_Fwd,noprimer_,12544
15_NNNGACGACAC,Locus_COI_Rev,noprimer_,8655
15_NNNGACGAGCA,Locus_COI_Fwd,noprimer_,28971
15_NNNGACGAGCA,Locus_COI_Rev,noprimer_,22617
15_NNNGACGCATC,Locus_COI_Fwd,noprimer_,42387
15_NNNGACGCATC,Locus_COI_Rev,noprimer_,31809
15_NNNGACGTCTG,Locus_COI_Fwd,noprimer_,30360
15_NNNGACGTCTG,Locus_COI_Rev,noprimer_,25169
15_NNNGACTACGA,Locus_COI_Fwd,noprimer_,22052
15_NNNGACTACGA,Locus_COI_Rev,noprimer_,16765
15_NNNGCGTCAGA,Locus_COI_Fwd,noprimer_,30936
15_NNNGCGTCAGA,Locus_COI_Rev,noprimer_,21612
15_NNNGTACGCTG,Locus_COI_Fwd,noprimer_,14334
15_NNNGTACGCTG,Locus_COI_Rev,noprimer_,12912
15_NNNGTGCACTA,Locus_COI_Fwd,noprimer_,14632
15_NNNGTGCACTA,Locus_COI_Rev,noprimer_,10508
15_NNNGTGCAGAC,Locus_COI_Fwd,noprimer_,17826
15_NNNGTGCAGAC,Locus_COI_Rev,noprimer_,12388
15_NNNGTGCGACG,Locus_COI_Fwd,noprimer_,8048
15_NNNGTGCGACG,Locus_COI_Rev,noprimer_,6870
15_NNNGTGTAGCA,Locus_COI_Fwd,noprimer_,17980
15_NNNGTGTAGCA,Locus_COI_Rev,noprimer_,13125
15_NNNGTGTCGTC,Locus_COI_Fwd,noprimer_,60223
15_NNNGTGTCGTC,Locus_COI_Rev,noprimer_,44809
15_NNNGTGTGAGC,Locus_COI_Fwd,noprimer_,137431
15_NNNGTGTGAGC,Locus_COI_Rev,noprimer_,113893
15_NNNNACACACAC,Locus_COI_Fwd,noprimer_,25644
15_NNNNACACACAC,Locus_COI_Rev,noprimer_,18763
15_NNNNACACATGT,Locus_COI_Fwd,noprimer_,26184
15_NNNNACACATGT,Locus_COI_Rev,noprimer_,20736
15_NNNNACACTCTG,Locus_COI_Fwd,noprimer_,25574
15_NNNNACACTCTG,Locus_COI_Rev,noprimer_,20351
15_NNNNACATATCG,Locus_COI_Fwd,noprimer_,32586
15_NNNNACATATCG,Locus_COI_Rev,noprimer_,24773
15_NNNNACATCAGT,Locus_COI_Fwd,noprimer_,20179
15_NNNNACATCAGT,Locus_COI_Rev,noprimer_,16857
15_NNNNACATGATA,Locus_COI_Fwd,noprimer_,4
15_NNNNACATGATA,Locus_COI_Rev,noprimer_,3
15_NNNNACATGTGC,Locus_COI_Fwd,noprimer_,69553
15_NNNNACATGTGC,Locus_COI_Rev,noprimer_,58183
15_NNNNACGACGAC,Locus_COI_Fwd,noprimer_,35095
15_NNNNACGACGAC,Locus_COI_Rev,noprimer_,28433
15_NNNNAGCTATAG,Locus_COI_Fwd,noprimer_,27091
15_NNNNAGCTATAG,Locus_COI_Rev,noprimer_,18537
15_NNNNAGTACGCT,Locus_COI_Fwd,noprimer_,28177
15_NNNNAGTACGCT,Locus_COI_Rev,noprimer_,25206
15_NNNNATGTCTGC,Locus_COI_Fwd,noprimer_,26023
15_NNNNATGTCTGC,Locus_COI_Rev,noprimer_,22919
15_NNNNGACACGAC,Locus_COI_Fwd,noprimer_,20109
15_NNNNGACACGAC,Locus_COI_Rev,noprimer_,15836
15_NNNNGACACTGA,Locus_COI_Fwd,noprimer_,14368
15_NNNNGACACTGA,Locus_COI_Rev,noprimer_,10807
15_NNNNGACAGAGC,Locus_COI_Fwd,noprimer_,14544
15_NNNNGACAGAGC,Locus_COI_Rev,noprimer_,11610
15_NNNNGACAGCAG,Locus_COI_Fwd,noprimer_,3102
15_NNNNGACAGCAG,Locus_COI_Rev,noprimer_,2720
15_NNNNGACAGTCT,Locus_COI_Fwd,noprimer_,16235
15_NNNNGACAGTCT,Locus_COI_Rev,noprimer_,13840
15_NNNNGACATCGT,Locus_COI_Fwd,noprimer_,12137
15_NNNNGACATCGT,Locus_COI_Rev,noprimer_,9530
15_NNNNGCGACGTG,Locus_COI_Fwd,noprimer_,19524
15_NNNNGCGACGTG,Locus_COI_Rev,noprimer_,18684
15_NNNNGCGAGTAG,Locus_COI_Fwd,noprimer_,55998
15_NNNNGCGAGTAG,Locus_COI_Rev,noprimer_,42692
15_NNNNGCGTATGT,Locus_COI_Fwd,noprimer_,38025
15_NNNNGCGTATGT,Locus_COI_Rev,noprimer_,27828
15_NNNNGTACTAGT,Locus_COI_Fwd,noprimer_,34094
15_NNNNGTACTAGT,Locus_COI_Rev,noprimer_,29080
15_NNNNGTGTCACT,Locus_COI_Fwd,noprimer_,61459
15_NNNNGTGTCACT,Locus_COI_Rev,noprimer_,52410
15_NNNNTACAGTAC,Locus_COI_Fwd,noprimer_,12582
15_NNNNTACAGTAC,Locus_COI_Rev,noprimer_,8530
15_NNNNTCAGTCAC,Locus_COI_Fwd,noprimer_,30414
15_NNNNTCAGTCAC,Locus_COI_Rev,noprimer_,21675
15_NNNNTCATATAC,Locus_COI_Fwd,noprimer_,41466
15_NNNNTCATATAC,Locus_COI_Rev,noprimer_,25218
15_NNNNTCGACTCT,Locus_COI_Fwd,noprimer_,30672
15_NNNNTCGACTCT,Locus_COI_Rev,noprimer_,25366
15_NNNNTCGTGCTC,Locus_COI_Fwd,noprimer_,55371
15_NNNNTCGTGCTC,Locus_COI_Rev,noprimer_,41525
15_NNNNTGCTGCAC,Locus_COI_Fwd,noprimer_,26369
15_NNNNTGCTGCAC,Locus_COI_Rev,noprimer_,21773
15_NNNNTGTCATGT,Locus_COI_Fwd,noprimer_,48122
15_NNNNTGTCATGT,Locus_COI_Rev,noprimer_,39166
15_NNNNTGTCTATC,Locus_COI_Fwd,noprimer_,41802
15_NNNNTGTCTATC,Locus_COI_Rev,noprimer_,30319
15_NNNNTGTGAGAG,Locus_COI_Fwd,noprimer_,10994
15_NNNNTGTGAGAG,Locus_COI_Rev,noprimer_,7865
15_NNNTCATCTGA,Locus_COI_Fwd,noprimer_,43076
15_NNNTCATCTGA,Locus_COI_Rev,noprimer_,31327
15_NNNTGCTATCT,Locus_COI_Fwd,noprimer_,7910
15_NNNTGCTATCT,Locus_COI_Rev,noprimer_,6291
15_NNNTGTACAGC,Locus_COI_Fwd,noprimer_,29143
15_NNNTGTACAGC,Locus_COI_Rev,noprimer_,24872
15_NNNTGTATCGT,Locus_COI_Fwd,noprimer_,57554
15_NNNTGTATCGT,Locus_COI_Rev,noprimer_,44377
15_NNTAGCAGTG,Locus_COI_Fwd,noprimer_,26800
15_NNTAGCAGTG,Locus_COI_Rev,noprimer_,25993
15_NNTAGCGATA,Locus_COI_Fwd,noprimer_,27747
15_NNTAGCGATA,Locus_COI_Rev,noprimer_,15925
15_NNTCAGCTCG,Locus_COI_Fwd,noprimer_,38212
15_NNTCAGCTCG,Locus_COI_Rev,noprimer_,33017
15_NNTCAGTATA,Locus_COI_Fwd,noprimer_,38381
15_NNTCAGTATA,Locus_COI_Rev,noprimer_,20976
15_NNTCATACGT,Locus_COI_Fwd,noprimer_,71398
15_NNTCATACGT,Locus_COI_Rev,noprimer_,55430
15_NNTGCTCAGA,Locus_COI_Fwd,noprimer_,38385
15_NNTGCTCAGA,Locus_COI_Rev,noprimer_,27872
15_NNTGCTCGAT,Locus_COI_Fwd,noprimer_,43928
15_NNTGCTCGAT,Locus_COI_Rev,noprimer_,33553
15_NNTGTACTAT,Locus_COI_Fwd,noprimer_,42461
15_NNTGTACTAT,Locus_COI_Rev,noprimer_,30647
15_NNTGTAGACT,Locus_COI_Fwd,noprimer_,34991
15_NNTGTAGACT,Locus_COI_Rev,noprimer_,26991
15_NNTGTAGCTA,Locus_COI_Fwd,noprimer_,37980
15_NNTGTAGCTA,Locus_COI_Rev,noprimer_,30237
15_NNTGTATGCA,Locus_COI_Fwd,noprimer_,38650
15_NNTGTATGCA,Locus_COI_Rev,noprimer_,24486
15_NNTGTCACAC,Locus_COI_Fwd,noprimer_,74804
15_NNTGTCACAC,Locus_COI_Rev,noprimer_,54737
15_NNTGTCAGTA,Locus_COI_Fwd,noprimer_,62664
15_NNTGTCAGTA,Locus_COI_Rev,noprimer_,45557
16_NNACGAGCAT,all_loci,demultiplexing,22306
16_NNNNACACACAC,all_loci,demultiplexing,73083
16_NNTGCTCGAT,all_loci,demultiplexing,34750
16_NNNACACTAGC,all_loci,demultiplexing,57231
16_NNNACACAGCA,all_loci,demultiplexing,38224
16_NNNNTCGTGCTC,all_loci,demultiplexing,55082
16_NNTCATACGT,all_loci,demultiplexing,161196
16_NNAGCGCTCG,all_loci,demultiplexing,40596
16_NNNGTACGCTG,all_loci,demultiplexing,44931
16_NNNNTGCTGCAC,all_loci,demultiplexing,49250
16_NNNNGCGACGTG,all_loci,demultiplexing,42935
16_NNACACGCGA,all_loci,demultiplexing,172441
16_NNNGTGCGACG,all_loci,demultiplexing,17966
16_NNNAGCGAGTC,all_loci,demultiplexing,138319
16_NNNNATGTCTGC,all_loci,demultiplexing,51622
16_NNTGCTCAGA,all_loci,demultiplexing,50874
16_NNATGTCGAG,all_loci,demultiplexing,230043
16_NNNGTGCAGAC,all_loci,demultiplexing,10940
16_NNNNACACTCTG,all_loci,demultiplexing,38531
16_NNNNACACATGT,all_loci,demultiplexing,47755
16_NNTAGCAGTG,all_loci,demultiplexing,44545
16_NNNACACTGAT,all_loci,demultiplexing,56547
16_NNNACACGACG,all_loci,demultiplexing,27083
16_NNNNGCGAGTAG,all_loci,demultiplexing,49659
16_NNAGCTAGCA,all_loci,demultiplexing,49706
16_NNNNTCATATAC,all_loci,demultiplexing,31553
16_NNTCAGTATA,all_loci,demultiplexing,22477
16_NNNACAGCGTC,all_loci,demultiplexing,26900
16_NNNGCGTCAGA,all_loci,demultiplexing,93679
16_NNNNGACACTGA,all_loci,demultiplexing,17616
16_NNAGCTGACG,all_loci,demultiplexing,38437
16_NNGACACACG,all_loci,demultiplexing,41948
16_NNNAGATCTCT,all_loci,demultiplexing,44574
16_NNNNTCAGTCAC,all_loci,demultiplexing,86939
16_NNNNAGCTATAG,all_loci,demultiplexing,54523
16_NNTGTACTAT,all_loci,demultiplexing,82094
16_NNNACAGCTAT,all_loci,demultiplexing,30242
16_NNNACAGACTA,all_loci,demultiplexing,26534
16_NNNNGACAGAGC,all_loci,demultiplexing,31823
16_NNTGTAGCTA,all_loci,demultiplexing,66657
16_NNACAGAGAG,all_loci,demultiplexing,76741
16_NNNTCATCTGA,all_loci,demultiplexing,29530
16_NNNNGACAGTCT,all_loci,demultiplexing,8524
16_NNNNGACACGAC,all_loci,demultiplexing,36309
16_NNTGTAGACT,all_loci,demultiplexing,37944
16_NNNGTGTAGCA,all_loci,demultiplexing,22303
16_NNNTGTACAGC,all_loci,demultiplexing,80029
16_NNNNGACAGCAG,all_loci,demultiplexing,6850
16_NNGCGCGCGC,all_loci,demultiplexing,42609
16_NNNNGTACTAGT,all_loci,demultiplexing,39896
16_NNTAGCGATA,all_loci,demultiplexing,18331
16_NNNGACGAGCA,all_loci,demultiplexing,35513
16_NNNGACATATA,all_loci,demultiplexing,8242
16_NNNNAGTACGCT,all_loci,demultiplexing,23918
16_NNGCGTACAC,all_loci,demultiplexing,29331
16_NNACAGTCGT,all_loci,demultiplexing,58359
16_NNNGACGACAC,all_loci,demultiplexing,27703
16_NNNNACATCAGT,all_loci,demultiplexing,26013
16_NNNNGACATCGT,all_loci,demultiplexing,23582
16_NNTGTATGCA,all_loci,demultiplexing,59509
16_NNNGTGTGAGC,all_loci,demultiplexing,42362
16_NNNGTGCACTA,all_loci,demultiplexing,17728
16_NNNNTCGACTCT,all_loci,demultiplexing,25569
16_NNTGTCAGTA,all_loci,demultiplexing,103549
16_NNATCGCAGT,all_loci,demultiplexing,39182
16_NNNGTGTCGTC,all_loci,demultiplexing,105554
16_NNNNTGTCATGT,all_loci,demultiplexing,86520
16_NNNNGTGTCACT,all_loci,demultiplexing,88235
16_NNTGTCACAC,all_loci,demultiplexing,67425
16_NNNGACGCATC,all_loci,demultiplexing,29369
16_NNNTGTATCGT,all_loci,demultiplexing,112673
16_NNNNACATATCG,all_loci,demultiplexing,39750
16_NNAGTATACG,all_loci,demultiplexing,35158
16_NNNNGCGTATGT,all_loci,demultiplexing,80260
16_NNTCAGCTCG,all_loci,demultiplexing,148085
16_NNNGACTACGA,all_loci,demultiplexing,28496
16_NNNACGACACG,all_loci,demultiplexing,26497
16_NNNNACATGTGC,all_loci,demultiplexing,53108
16_NNAGTCATCG,all_loci,demultiplexing,68211
16_NNGACGCTAG,all_loci,demultiplexing,19985
16_NNNTGCTATCT,all_loci,demultiplexing,25204
16_NNNNTACAGTAC,all_loci,demultiplexing,12781
16_NNNNACATGATA,all_loci,demultiplexing,22122
16_NNAGTCACGA,all_loci,demultiplexing,43097
16_NNNACGACTGA,all_loci,demultiplexing,20031
16_NNNACATGCAG,all_loci,demultiplexing,21774
16_NNNNTGTCTATC,all_loci,demultiplexing,19834
16_NNAGTCGATA,all_loci,demultiplexing,28080
16_NNGACGTACT,all_loci,demultiplexing,3717
16_NNNGACGTCTG,all_loci,demultiplexing,16588
16_NNNNTGTGAGAG,all_loci,demultiplexing,10771
16_NNACACGCGA,Locus_COI_Fwd,noprimer_,117687
16_NNACACGCGA,Locus_COI_Rev,noprimer_,53378
16_NNACAGAGAG,Locus_COI_Fwd,noprimer_,57461
16_NNACAGAGAG,Locus_COI_Rev,noprimer_,18682
16_NNACAGTCGT,Locus_COI_Fwd,noprimer_,39177
16_NNACAGTCGT,Locus_COI_Rev,noprimer_,18342
16_NNACGAGCAT,Locus_COI_Fwd,noprimer_,14690
16_NNACGAGCAT,Locus_COI_Rev,noprimer_,7384
16_NNAGCGCTCG,Locus_COI_Fwd,noprimer_,25369
16_NNAGCGCTCG,Locus_COI_Rev,noprimer_,14891
16_NNAGCTAGCA,Locus_COI_Fwd,noprimer_,32895
16_NNAGCTAGCA,Locus_COI_Rev,noprimer_,16249
16_NNAGCTGACG,Locus_COI_Fwd,noprimer_,23724
16_NNAGCTGACG,Locus_COI_Rev,noprimer_,14105
16_NNAGTATACG,Locus_COI_Fwd,noprimer_,20631
16_NNAGTATACG,Locus_COI_Rev,noprimer_,13586
16_NNAGTCACGA,Locus_COI_Fwd,noprimer_,31075
16_NNAGTCACGA,Locus_COI_Rev,noprimer_,11675
16_NNAGTCATCG,Locus_COI_Fwd,noprimer_,42050
16_NNAGTCATCG,Locus_COI_Rev,noprimer_,25217
16_NNAGTCGATA,Locus_COI_Fwd,noprimer_,21545
16_NNAGTCGATA,Locus_COI_Rev,noprimer_,6194
16_NNATCGCAGT,Locus_COI_Fwd,noprimer_,23192
16_NNATCGCAGT,Locus_COI_Rev,noprimer_,15671
16_NNATGTCGAG,Locus_COI_Fwd,noprimer_,155075
16_NNATGTCGAG,Locus_COI_Rev,noprimer_,72475
16_NNGACACACG,Locus_COI_Fwd,noprimer_,26323
16_NNGACACACG,Locus_COI_Rev,noprimer_,14839
16_NNGACGCTAG,Locus_COI_Fwd,noprimer_,12235
16_NNGACGCTAG,Locus_COI_Rev,noprimer_,7630
16_NNGACGTACT,Locus_COI_Fwd,noprimer_,2532
16_NNGACGTACT,Locus_COI_Rev,noprimer_,1159
16_NNGCGCGCGC,Locus_COI_Fwd,noprimer_,26192
16_NNGCGCGCGC,Locus_COI_Rev,noprimer_,15915
16_NNGCGTACAC,Locus_COI_Fwd,noprimer_,20167
16_NNGCGTACAC,Locus_COI_Rev,noprimer_,8927
16_NNNACACAGCA,Locus_COI_Fwd,noprimer_,23987
16_NNNACACAGCA,Locus_COI_Rev,noprimer_,13934
16_NNNACACGACG,Locus_COI_Fwd,noprimer_,16532
16_NNNACACGACG,Locus_COI_Rev,noprimer_,10102
16_NNNACACTAGC,Locus_COI_Fwd,noprimer_,37110
16_NNNACACTAGC,Locus_COI_Rev,noprimer_,19553
16_NNNACACTGAT,Locus_COI_Fwd,noprimer_,39231
16_NNNACACTGAT,Locus_COI_Rev,noprimer_,16841
16_NNNACAGACTA,Locus_COI_Fwd,noprimer_,19770
16_NNNACAGACTA,Locus_COI_Rev,noprimer_,6476
16_NNNACAGCGTC,Locus_COI_Fwd,noprimer_,17981
16_NNNACAGCGTC,Locus_COI_Rev,noprimer_,8544
16_NNNACAGCTAT,Locus_COI_Fwd,noprimer_,19406
16_NNNACAGCTAT,Locus_COI_Rev,noprimer_,10444
16_NNNACATGCAG,Locus_COI_Fwd,noprimer_,14629
16_NNNACATGCAG,Locus_COI_Rev,noprimer_,7011
16_NNNACGACACG,Locus_COI_Fwd,noprimer_,16109
16_NNNACGACACG,Locus_COI_Rev,noprimer_,10057
16_NNNACGACTGA,Locus_COI_Fwd,noprimer_,14815
16_NNNACGACTGA,Locus_COI_Rev,noprimer_,5025
16_NNNAGATCTCT,Locus_COI_Fwd,noprimer_,29848
16_NNNAGATCTCT,Locus_COI_Rev,noprimer_,14054
16_NNNAGCGAGTC,Locus_COI_Fwd,noprimer_,103442
16_NNNAGCGAGTC,Locus_COI_Rev,noprimer_,33919
16_NNNGACATATA,Locus_COI_Fwd,noprimer_,6493
16_NNNGACATATA,Locus_COI_Rev,noprimer_,1687
16_NNNGACGACAC,Locus_COI_Fwd,noprimer_,19848
16_NNNGACGACAC,Locus_COI_Rev,noprimer_,7563
16_NNNGACGAGCA,Locus_COI_Fwd,noprimer_,23428
16_NNNGACGAGCA,Locus_COI_Rev,noprimer_,11705
16_NNNGACGCATC,Locus_COI_Fwd,noprimer_,18832
16_NNNGACGCATC,Locus_COI_Rev,noprimer_,10247
16_NNNGACGTCTG,Locus_COI_Fwd,noprimer_,11329
16_NNNGACGTCTG,Locus_COI_Rev,noprimer_,5055
16_NNNGACTACGA,Locus_COI_Fwd,noprimer_,18821
16_NNNGACTACGA,Locus_COI_Rev,noprimer_,9471
16_NNNGCGTCAGA,Locus_COI_Fwd,noprimer_,67019
16_NNNGCGTCAGA,Locus_COI_Rev,noprimer_,25784
16_NNNGTACGCTG,Locus_COI_Fwd,noprimer_,28037
16_NNNGTACGCTG,Locus_COI_Rev,noprimer_,16580
16_NNNGTGCACTA,Locus_COI_Fwd,noprimer_,12155
16_NNNGTGCACTA,Locus_COI_Rev,noprimer_,5195
16_NNNGTGCAGAC,Locus_COI_Fwd,noprimer_,6359
16_NNNGTGCAGAC,Locus_COI_Rev,noprimer_,4438
16_NNNGTGCGACG,Locus_COI_Fwd,noprimer_,11493
16_NNNGTGCGACG,Locus_COI_Rev,noprimer_,6330
16_NNNGTGTAGCA,Locus_COI_Fwd,noprimer_,15716
16_NNNGTGTAGCA,Locus_COI_Rev,noprimer_,6382
16_NNNGTGTCGTC,Locus_COI_Fwd,noprimer_,67416
16_NNNGTGTCGTC,Locus_COI_Rev,noprimer_,36909
16_NNNGTGTGAGC,Locus_COI_Fwd,noprimer_,26565
16_NNNGTGTGAGC,Locus_COI_Rev,noprimer_,15022
16_NNNNACACACAC,Locus_COI_Fwd,noprimer_,51095
16_NNNNACACACAC,Locus_COI_Rev,noprimer_,20825
16_NNNNACACATGT,Locus_COI_Fwd,noprimer_,33605
16_NNNNACACATGT,Locus_COI_Rev,noprimer_,13835
16_NNNNACACTCTG,Locus_COI_Fwd,noprimer_,26013
16_NNNNACACTCTG,Locus_COI_Rev,noprimer_,11986
16_NNNNACATATCG,Locus_COI_Fwd,noprimer_,23999
16_NNNNACATATCG,Locus_COI_Rev,noprimer_,14727
16_NNNNACATCAGT,Locus_COI_Fwd,noprimer_,17529
16_NNNNACATCAGT,Locus_COI_Rev,noprimer_,8288
16_NNNNACATGATA,Locus_COI_Fwd,noprimer_,17622
16_NNNNACATGATA,Locus_COI_Rev,noprimer_,4353
16_NNNNACATGTGC,Locus_COI_Fwd,noprimer_,33117
16_NNNNACATGTGC,Locus_COI_Rev,noprimer_,19460
16_NNNNAGCTATAG,Locus_COI_Fwd,noprimer_,39311
16_NNNNAGCTATAG,Locus_COI_Rev,noprimer_,14575
16_NNNNAGTACGCT,Locus_COI_Fwd,noprimer_,14742
16_NNNNAGTACGCT,Locus_COI_Rev,noprimer_,8965
16_NNNNATGTCTGC,Locus_COI_Fwd,noprimer_,33939
16_NNNNATGTCTGC,Locus_COI_Rev,noprimer_,17128
16_NNNNGACACGAC,Locus_COI_Fwd,noprimer_,23790
16_NNNNGACACGAC,Locus_COI_Rev,noprimer_,12124
16_NNNNGACACTGA,Locus_COI_Fwd,noprimer_,12111
16_NNNNGACACTGA,Locus_COI_Rev,noprimer_,5101
16_NNNNGACAGAGC,Locus_COI_Fwd,noprimer_,21212
16_NNNNGACAGAGC,Locus_COI_Rev,noprimer_,10286
16_NNNNGACAGCAG,Locus_COI_Fwd,noprimer_,4296
16_NNNNGACAGCAG,Locus_COI_Rev,noprimer_,2444
16_NNNNGACAGTCT,Locus_COI_Fwd,noprimer_,5809
16_NNNNGACAGTCT,Locus_COI_Rev,noprimer_,2602
16_NNNNGACATCGT,Locus_COI_Fwd,noprimer_,15217
16_NNNNGACATCGT,Locus_COI_Rev,noprimer_,8029
16_NNNNGCGACGTG,Locus_COI_Fwd,noprimer_,25657
16_NNNNGCGACGTG,Locus_COI_Rev,noprimer_,15239
16_NNNNGCGAGTAG,Locus_COI_Fwd,noprimer_,33941
16_NNNNGCGAGTAG,Locus_COI_Rev,noprimer_,15109
16_NNNNGCGTATGT,Locus_COI_Fwd,noprimer_,49859
16_NNNNGCGTATGT,Locus_COI_Rev,noprimer_,29430
16_NNNNGTACTAGT,Locus_COI_Fwd,noprimer_,26759
16_NNNNGTACTAGT,Locus_COI_Rev,noprimer_,12726
16_NNNNGTGTCACT,Locus_COI_Fwd,noprimer_,53008
16_NNNNGTGTCACT,Locus_COI_Rev,noprimer_,34291
16_NNNNTACAGTAC,Locus_COI_Fwd,noprimer_,8902
16_NNNNTACAGTAC,Locus_COI_Rev,noprimer_,3766
16_NNNNTCAGTCAC,Locus_COI_Fwd,noprimer_,55013
16_NNNNTCAGTCAC,Locus_COI_Rev,noprimer_,28071
16_NNNNTCATATAC,Locus_COI_Fwd,noprimer_,24665
16_NNNNTCATATAC,Locus_COI_Rev,noprimer_,6597
16_NNNNTCGACTCT,Locus_COI_Fwd,noprimer_,16464
16_NNNNTCGACTCT,Locus_COI_Rev,noprimer_,8759
16_NNNNTCGTGCTC,Locus_COI_Fwd,noprimer_,38142
16_NNNNTCGTGCTC,Locus_COI_Rev,noprimer_,16557
16_NNNNTGCTGCAC,Locus_COI_Fwd,noprimer_,31726
16_NNNNTGCTGCAC,Locus_COI_Rev,noprimer_,16918
16_NNNNTGTCATGT,Locus_COI_Fwd,noprimer_,54582
16_NNNNTGTCATGT,Locus_COI_Rev,noprimer_,31224
16_NNNNTGTCTATC,Locus_COI_Fwd,noprimer_,14596
16_NNNNTGTCTATC,Locus_COI_Rev,noprimer_,5027
16_NNNNTGTGAGAG,Locus_COI_Fwd,noprimer_,7976
16_NNNNTGTGAGAG,Locus_COI_Rev,noprimer_,2706
16_NNNTCATCTGA,Locus_COI_Fwd,noprimer_,22083
16_NNNTCATCTGA,Locus_COI_Rev,noprimer_,7082
16_NNNTGCTATCT,Locus_COI_Fwd,noprimer_,16366
16_NNNTGCTATCT,Locus_COI_Rev,noprimer_,8678
16_NNNTGTACAGC,Locus_COI_Fwd,noprimer_,49213
16_NNNTGTACAGC,Locus_COI_Rev,noprimer_,29868
16_NNNTGTATCGT,Locus_COI_Fwd,noprimer_,66679
16_NNNTGTATCGT,Locus_COI_Rev,noprimer_,43476
16_NNTAGCAGTG,Locus_COI_Fwd,noprimer_,28137
16_NNTAGCAGTG,Locus_COI_Rev,noprimer_,14472
16_NNTAGCGATA,Locus_COI_Fwd,noprimer_,13993
16_NNTAGCGATA,Locus_COI_Rev,noprimer_,4165
16_NNTCAGCTCG,Locus_COI_Fwd,noprimer_,86587
16_NNTCAGCTCG,Locus_COI_Rev,noprimer_,60555
16_NNTCAGTATA,Locus_COI_Fwd,noprimer_,18232
16_NNTCAGTATA,Locus_COI_Rev,noprimer_,4092
16_NNTCATACGT,Locus_COI_Fwd,noprimer_,108299
16_NNTCATACGT,Locus_COI_Rev,noprimer_,51804
16_NNTGCTCAGA,Locus_COI_Fwd,noprimer_,37096
16_NNTGCTCAGA,Locus_COI_Rev,noprimer_,13430
16_NNTGCTCGAT,Locus_COI_Fwd,noprimer_,24839
16_NNTGCTCGAT,Locus_COI_Rev,noprimer_,9662
16_NNTGTACTAT,Locus_COI_Fwd,noprimer_,58623
16_NNTGTACTAT,Locus_COI_Rev,noprimer_,22375
16_NNTGTAGACT,Locus_COI_Fwd,noprimer_,26491
16_NNTGTAGACT,Locus_COI_Rev,noprimer_,11029
16_NNTGTAGCTA,Locus_COI_Fwd,noprimer_,45302
16_NNTGTAGCTA,Locus_COI_Rev,noprimer_,20709
16_NNTGTATGCA,Locus_COI_Fwd,noprimer_,41754
16_NNTGTATGCA,Locus_COI_Rev,noprimer_,16745
16_NNTGTCACAC,Locus_COI_Fwd,noprimer_,44550
16_NNTGTCACAC,Locus_COI_Rev,noprimer_,22229
16_NNTGTCAGTA,Locus_COI_Fwd,noprimer_,69782
16_NNTGTCAGTA,Locus_COI_Rev,noprimer_,32083
19_NNACGAGCAT,all_loci,demultiplexing,303497
19_NNNNACACACAC,all_loci,demultiplexing,130795
19_NNTGCTCGAT,all_loci,demultiplexing,65793
19_NNNACACTAGC,all_loci,demultiplexing,73558
19_NNNACACAGCA,all_loci,demultiplexing,1
19_NNNNTCGTGCTC,all_loci,demultiplexing,0
19_NNTCATACGT,all_loci,demultiplexing,0
19_NNAGCGCTCG,all_loci,demultiplexing,30297
19_NNNGTACGCTG,all_loci,demultiplexing,10797
19_NNNNTGCTGCAC,all_loci,demultiplexing,55673
19_NNNNGCGACGTG,all_loci,demultiplexing,33090
19_NNACACGCGA,all_loci,demultiplexing,38427
19_NNNGTGCGACG,all_loci,demultiplexing,16658
19_NNNAGCGAGTC,all_loci,demultiplexing,46306
19_NNNNATGTCTGC,all_loci,demultiplexing,40847
19_NNTGCTCAGA,all_loci,demultiplexing,27766
19_NNATGTCGAG,all_loci,demultiplexing,39241
19_NNNGTGCAGAC,all_loci,demultiplexing,20257
19_NNNNACACTCTG,all_loci,demultiplexing,103086
19_NNNNACACATGT,all_loci,demultiplexing,35931
19_NNTAGCAGTG,all_loci,demultiplexing,43200
19_NNNACACTGAT,all_loci,demultiplexing,60891
19_NNNACACGACG,all_loci,demultiplexing,31730
19_NNNNGCGAGTAG,all_loci,demultiplexing,39414
19_NNAGCTAGCA,all_loci,demultiplexing,61200
19_NNNNTCATATAC,all_loci,demultiplexing,60185
19_NNTCAGTATA,all_loci,demultiplexing,92792
19_NNNACAGCGTC,all_loci,demultiplexing,32262
19_NNNGCGTCAGA,all_loci,demultiplexing,77915
19_NNNNGACACTGA,all_loci,demultiplexing,21089
19_NNAGCTGACG,all_loci,demultiplexing,30607
19_NNGACACACG,all_loci,demultiplexing,11383
19_NNNAGATCTCT,all_loci,demultiplexing,29637
19_NNNNTCAGTCAC,all_loci,demultiplexing,27058
19_NNNNAGCTATAG,all_loci,demultiplexing,10643
19_NNTGTACTAT,all_loci,demultiplexing,36271
19_NNNACAGCTAT,all_loci,demultiplexing,17085
19_NNNACAGACTA,all_loci,demultiplexing,31577
19_NNNNGACAGAGC,all_loci,demultiplexing,22055
19_NNTGTAGCTA,all_loci,demultiplexing,73285
19_NNACACGCGA,Locus_COI_Fwd,noprimer_,21681
19_NNACACGCGA,Locus_COI_Rev,noprimer_,16047
19_NNACGAGCAT,Locus_COI_Fwd,noprimer_,169930
19_NNACGAGCAT,Locus_COI_Rev,noprimer_,130734
19_NNAGCGCTCG,Locus_COI_Fwd,noprimer_,15967
19_NNAGCGCTCG,Locus_COI_Rev,noprimer_,13780
19_NNAGCTAGCA,Locus_COI_Fwd,noprimer_,35216
19_NNAGCTAGCA,Locus_COI_Rev,noprimer_,25432
19_NNAGCTGACG,Locus_COI_Fwd,noprimer_,16553
19_NNAGCTGACG,Locus_COI_Rev,noprimer_,13777
19_NNATGTCGAG,Locus_COI_Fwd,noprimer_,21663
19_NNATGTCGAG,Locus_COI_Rev,noprimer_,16957
19_NNGACACACG,Locus_COI_Fwd,noprimer_,6182
19_NNGACACACG,Locus_COI_Rev,noprimer_,5088
19_NNNACACAGCA,Locus_COI_Fwd,noprimer_,1
19_NNNACACAGCA,Locus_COI_Rev,noprimer_,0
19_NNNACACGACG,Locus_COI_Fwd,noprimer_,17185
19_NNNACACGACG,Locus_COI_Rev,noprimer_,14229
19_NNNACACTAGC,Locus_COI_Fwd,noprimer_,39360
19_NNNACACTAGC,Locus_COI_Rev,noprimer_,32540
19_NNNACACTGAT,Locus_COI_Fwd,noprimer_,32858
19_NNNACACTGAT,Locus_COI_Rev,noprimer_,26862
19_NNNACAGACTA,Locus_COI_Fwd,noprimer_,19614
19_NNNACAGACTA,Locus_COI_Rev,noprimer_,11770
19_NNNACAGCGTC,Locus_COI_Fwd,noprimer_,17530
19_NNNACAGCGTC,Locus_COI_Rev,noprimer_,13739
19_NNNACAGCTAT,Locus_COI_Fwd,noprimer_,8790
19_NNNACAGCTAT,Locus_COI_Rev,noprimer_,7615
19_NNNAGATCTCT,Locus_COI_Fwd,noprimer_,16598
19_NNNAGATCTCT,Locus_COI_Rev,noprimer_,12350
19_NNNAGCGAGTC,Locus_COI_Fwd,noprimer_,27273
19_NNNAGCGAGTC,Locus_COI_Rev,noprimer_,17385
19_NNNGCGTCAGA,Locus_COI_Fwd,noprimer_,46053
19_NNNGCGTCAGA,Locus_COI_Rev,noprimer_,31506
19_NNNGTACGCTG,Locus_COI_Fwd,noprimer_,5668
19_NNNGTACGCTG,Locus_COI_Rev,noprimer_,4939
19_NNNGTGCAGAC,Locus_COI_Fwd,noprimer_,11804
19_NNNGTGCAGAC,Locus_COI_Rev,noprimer_,8109
19_NNNGTGCGACG,Locus_COI_Fwd,noprimer_,8893
19_NNNGTGCGACG,Locus_COI_Rev,noprimer_,7512
19_NNNNACACACAC,Locus_COI_Fwd,noprimer_,74631
19_NNNNACACACAC,Locus_COI_Rev,noprimer_,53571
19_NNNNACACATGT,Locus_COI_Fwd,noprimer_,19711
19_NNNNACACATGT,Locus_COI_Rev,noprimer_,15412
19_NNNNACACTCTG,Locus_COI_Fwd,noprimer_,55781
19_NNNNACACTCTG,Locus_COI_Rev,noprimer_,45404
19_NNNNAGCTATAG,Locus_COI_Fwd,noprimer_,6211
19_NNNNAGCTATAG,Locus_COI_Rev,noprimer_,4240
19_NNNNATGTCTGC,Locus_COI_Fwd,noprimer_,20777
19_NNNNATGTCTGC,Locus_COI_Rev,noprimer_,17930
19_NNNNGACACTGA,Locus_COI_Fwd,noprimer_,12194
19_NNNNGACACTGA,Locus_COI_Rev,noprimer_,8763
19_NNNNGACAGAGC,Locus_COI_Fwd,noprimer_,12138
19_NNNNGACAGAGC,Locus_COI_Rev,noprimer_,9777
19_NNNNGCGACGTG,Locus_COI_Fwd,noprimer_,15716
19_NNNNGCGACGTG,Locus_COI_Rev,noprimer_,15500
19_NNNNGCGAGTAG,Locus_COI_Fwd,noprimer_,22661
19_NNNNGCGAGTAG,Locus_COI_Rev,noprimer_,16436
19_NNNNTCAGTCAC,Locus_COI_Fwd,noprimer_,15714
19_NNNNTCAGTCAC,Locus_COI_Rev,noprimer_,10549
19_NNNNTCATATAC,Locus_COI_Fwd,noprimer_,38384
19_NNNNTCATATAC,Locus_COI_Rev,noprimer_,20854
iteration ,Error,Error,Error
19_NNNNTGCTGCAC,Locus_COI_Fwd,noprimer_,30084
19_NNNNTGCTGCAC,Locus_COI_Rev,noprimer_,24353
19_NNTAGCAGTG,Locus_COI_Fwd,noprimer_,21726
19_NNTAGCAGTG,Locus_COI_Rev,noprimer_,19764
19_NNTCAGTATA,Locus_COI_Fwd,noprimer_,61015
19_NNTCAGTATA,Locus_COI_Rev,noprimer_,30359
iteration ,Error,Error,Error
19_NNTGCTCAGA,Locus_COI_Fwd,noprimer_,15233
19_NNTGCTCAGA,Locus_COI_Rev,noprimer_,10946
19_NNTGCTCGAT,Locus_COI_Fwd,noprimer_,37134
19_NNTGCTCGAT,Locus_COI_Rev,noprimer_,27722
19_NNTGTACTAT,Locus_COI_Fwd,noprimer_,20930
19_NNTGTACTAT,Locus_COI_Rev,noprimer_,14372
19_NNTGTAGCTA,Locus_COI_Fwd,noprimer_,41052
19_NNTGTAGCTA,Locus_COI_Rev,noprimer_,31809
20_NNNNACACACAC,all_loci,demultiplexing,55146
20_NNTGCTCGAT,all_loci,demultiplexing,47151
20_NNNACACTAGC,all_loci,demultiplexing,47969
20_NNNACACAGCA,all_loci,demultiplexing,34924
20_NNNNTCGTGCTC,all_loci,demultiplexing,47861
20_NNTCATACGT,all_loci,demultiplexing,54915
20_NNAGCGCTCG,all_loci,demultiplexing,39329
20_NNNGTACGCTG,all_loci,demultiplexing,30929
20_NNNNTGCTGCAC,all_loci,demultiplexing,35210
20_NNNNGCGACGTG,all_loci,demultiplexing,83072
20_NNACACGCGA,all_loci,demultiplexing,74474
20_NNNGTGCGACG,all_loci,demultiplexing,36767
20_NNNAGCGAGTC,all_loci,demultiplexing,83431
20_NNNNATGTCTGC,all_loci,demultiplexing,46504
20_NNTGCTCAGA,all_loci,demultiplexing,50227
20_NNATGTCGAG,all_loci,demultiplexing,39015
20_NNNGTGCAGAC,all_loci,demultiplexing,30538
20_NNNNACACTCTG,all_loci,demultiplexing,41361
20_NNNNACACATGT,all_loci,demultiplexing,34964
20_NNTAGCAGTG,all_loci,demultiplexing,49106
20_NNNACACTGAT,all_loci,demultiplexing,77110
20_NNNACACGACG,all_loci,demultiplexing,43440
20_NNNNGCGAGTAG,all_loci,demultiplexing,43825
20_NNAGCTAGCA,all_loci,demultiplexing,65585
20_NNNNTCATATAC,all_loci,demultiplexing,30254
20_NNTCAGTATA,all_loci,demultiplexing,45928
20_NNNACAGCGTC,all_loci,demultiplexing,49439
20_NNNGCGTCAGA,all_loci,demultiplexing,65669
20_NNNNGACACTGA,all_loci,demultiplexing,37487
20_NNAGCTGACG,all_loci,demultiplexing,105557
20_NNGACACACG,all_loci,demultiplexing,49430
20_NNNAGATCTCT,all_loci,demultiplexing,66257
20_NNNNTCAGTCAC,all_loci,demultiplexing,103085
20_NNNNAGCTATAG,all_loci,demultiplexing,47422
20_NNTGTACTAT,all_loci,demultiplexing,102673
20_NNNACAGCTAT,all_loci,demultiplexing,67595
20_NNNACAGACTA,all_loci,demultiplexing,22304
20_NNNNGACAGAGC,all_loci,demultiplexing,25131
20_NNTGTAGCTA,all_loci,demultiplexing,76653
20_NNACAGAGAG,all_loci,demultiplexing,18657
20_NNNTCATCTGA,all_loci,demultiplexing,62260
20_NNNNGACAGTCT,all_loci,demultiplexing,35807
20_NNNTGTACAGC,all_loci,demultiplexing,82734
20_NNNNGACAGCAG,all_loci,demultiplexing,37203
20_NNGCGCGCGC,all_loci,demultiplexing,62737
20_NNNNGTACTAGT,all_loci,demultiplexing,85954
20_NNTAGCGATA,all_loci,demultiplexing,58373
20_NNNGACGAGCA,all_loci,demultiplexing,44954
20_NNNGACATATA,all_loci,demultiplexing,45792
20_NNNNAGTACGCT,all_loci,demultiplexing,45299
20_NNGCGTACAC,all_loci,demultiplexing,43750
20_NNACAGTCGT,all_loci,demultiplexing,2683
20_NNNGACGACAC,all_loci,demultiplexing,2760
20_NNNNACATCAGT,all_loci,demultiplexing,748
20_NNNNGACATCGT,all_loci,demultiplexing,948
20_NNTGTATGCA,all_loci,demultiplexing,5403
20_NNNGTGTGAGC,all_loci,demultiplexing,634
20_NNNGTGCACTA,all_loci,demultiplexing,1555
20_NNNNTCGACTCT,all_loci,demultiplexing,2653
20_NNTGTCAGTA,all_loci,demultiplexing,3544
20_NNATCGCAGT,all_loci,demultiplexing,25269
20_NNNGTGTCGTC,all_loci,demultiplexing,29805
20_NNNNTGTCATGT,all_loci,demultiplexing,37386
20_NNACACGCGA,Locus_COI_Fwd,noprimer_,48707
20_NNACACGCGA,Locus_COI_Rev,noprimer_,25117
20_NNACAGAGAG,Locus_COI_Fwd,noprimer_,13000
20_NNACAGAGAG,Locus_COI_Rev,noprimer_,5499
20_NNACAGTCGT,Locus_COI_Fwd,noprimer_,1709
20_NNACAGTCGT,Locus_COI_Rev,noprimer_,896
20_NNAGCGCTCG,Locus_COI_Fwd,noprimer_,23533
20_NNAGCGCTCG,Locus_COI_Rev,noprimer_,15536
20_NNAGCTAGCA,Locus_COI_Fwd,noprimer_,42545
20_NNAGCTAGCA,Locus_COI_Rev,noprimer_,22493
20_NNAGCTGACG,Locus_COI_Fwd,noprimer_,64536
20_NNAGCTGACG,Locus_COI_Rev,noprimer_,39853
20_NNATCGCAGT,Locus_COI_Fwd,noprimer_,14838
20_NNATCGCAGT,Locus_COI_Rev,noprimer_,10236
20_NNATGTCGAG,Locus_COI_Fwd,noprimer_,24829
20_NNATGTCGAG,Locus_COI_Rev,noprimer_,13912
20_NNGACACACG,Locus_COI_Fwd,noprimer_,30426
20_NNGACACACG,Locus_COI_Rev,noprimer_,18563
20_NNGCGCGCGC,Locus_COI_Fwd,noprimer_,37799
20_NNGCGCGCGC,Locus_COI_Rev,noprimer_,24394
20_NNGCGTACAC,Locus_COI_Fwd,noprimer_,30305
20_NNGCGTACAC,Locus_COI_Rev,noprimer_,13015
20_NNNACACAGCA,Locus_COI_Fwd,noprimer_,21574
20_NNNACACAGCA,Locus_COI_Rev,noprimer_,13105
20_NNNACACGACG,Locus_COI_Fwd,noprimer_,26379
20_NNNACACGACG,Locus_COI_Rev,noprimer_,16700
20_NNNACACTAGC,Locus_COI_Fwd,noprimer_,29205
20_NNNACACTAGC,Locus_COI_Rev,noprimer_,18128
20_NNNACACTGAT,Locus_COI_Fwd,noprimer_,48493
20_NNNACACTGAT,Locus_COI_Rev,noprimer_,27883
20_NNNACAGACTA,Locus_COI_Fwd,noprimer_,16487
20_NNNACAGACTA,Locus_COI_Rev,noprimer_,5646
20_NNNACAGCGTC,Locus_COI_Fwd,noprimer_,31266
20_NNNACAGCGTC,Locus_COI_Rev,noprimer_,17444
20_NNNACAGCTAT,Locus_COI_Fwd,noprimer_,40784
20_NNNACAGCTAT,Locus_COI_Rev,noprimer_,26182
20_NNNAGATCTCT,Locus_COI_Fwd,noprimer_,42173
20_NNNAGATCTCT,Locus_COI_Rev,noprimer_,23456
20_NNNAGCGAGTC,Locus_COI_Fwd,noprimer_,58824
20_NNNAGCGAGTC,Locus_COI_Rev,noprimer_,23910
20_NNNGACATATA,Locus_COI_Fwd,noprimer_,35620
20_NNNGACATATA,Locus_COI_Rev,noprimer_,9705
20_NNNGACGACAC,Locus_COI_Fwd,noprimer_,1753
20_NNNGACGACAC,Locus_COI_Rev,noprimer_,899
20_NNNGACGAGCA,Locus_COI_Fwd,noprimer_,29849
20_NNNGACGAGCA,Locus_COI_Rev,noprimer_,14745
20_NNNGCGTCAGA,Locus_COI_Fwd,noprimer_,45850
20_NNNGCGTCAGA,Locus_COI_Rev,noprimer_,19343
20_NNNGTACGCTG,Locus_COI_Fwd,noprimer_,18196
20_NNNGTACGCTG,Locus_COI_Rev,noprimer_,12264
20_NNNGTGCACTA,Locus_COI_Fwd,noprimer_,993
20_NNNGTGCACTA,Locus_COI_Rev,noprimer_,531
20_NNNGTGCAGAC,Locus_COI_Fwd,noprimer_,20761
20_NNNGTGCAGAC,Locus_COI_Rev,noprimer_,9460
20_NNNGTGCGACG,Locus_COI_Fwd,noprimer_,21948
20_NNNGTGCGACG,Locus_COI_Rev,noprimer_,14448
20_NNNGTGTCGTC,Locus_COI_Fwd,noprimer_,19699
20_NNNGTGTCGTC,Locus_COI_Rev,noprimer_,9764
20_NNNGTGTGAGC,Locus_COI_Fwd,noprimer_,358
20_NNNGTGTGAGC,Locus_COI_Rev,noprimer_,230
20_NNNNACACACAC,Locus_COI_Fwd,noprimer_,36820
20_NNNNACACACAC,Locus_COI_Rev,noprimer_,17325
20_NNNNACACATGT,Locus_COI_Fwd,noprimer_,22881
20_NNNNACACATGT,Locus_COI_Rev,noprimer_,11754
20_NNNNACACTCTG,Locus_COI_Fwd,noprimer_,26061
20_NNNNACACTCTG,Locus_COI_Rev,noprimer_,14968
20_NNNNACATCAGT,Locus_COI_Fwd,noprimer_,447
20_NNNNACATCAGT,Locus_COI_Rev,noprimer_,242
20_NNNNAGCTATAG,Locus_COI_Fwd,noprimer_,32891
20_NNNNAGCTATAG,Locus_COI_Rev,noprimer_,14214
20_NNNNAGTACGCT,Locus_COI_Fwd,noprimer_,26758
20_NNNNAGTACGCT,Locus_COI_Rev,noprimer_,18128
20_NNNNATGTCTGC,Locus_COI_Fwd,noprimer_,27587
20_NNNNATGTCTGC,Locus_COI_Rev,noprimer_,18021
20_NNNNGACACTGA,Locus_COI_Fwd,noprimer_,25363
20_NNNNGACACTGA,Locus_COI_Rev,noprimer_,11791
20_NNNNGACAGAGC,Locus_COI_Fwd,noprimer_,16467
20_NNNNGACAGAGC,Locus_COI_Rev,noprimer_,8484
20_NNNNGACAGCAG,Locus_COI_Fwd,noprimer_,22279
20_NNNNGACAGCAG,Locus_COI_Rev,noprimer_,14421
20_NNNNGACAGTCT,Locus_COI_Fwd,noprimer_,22637
20_NNNNGACAGTCT,Locus_COI_Rev,noprimer_,12839
20_NNNNGACATCGT,Locus_COI_Fwd,noprimer_,551
20_NNNNGACATCGT,Locus_COI_Rev,noprimer_,355
20_NNNNGCGACGTG,Locus_COI_Fwd,noprimer_,45947
20_NNNNGCGACGTG,Locus_COI_Rev,noprimer_,32720
20_NNNNGCGAGTAG,Locus_COI_Fwd,noprimer_,29067
20_NNNNGCGAGTAG,Locus_COI_Rev,noprimer_,14415
20_NNNNGTACTAGT,Locus_COI_Fwd,noprimer_,53898
20_NNNNGTACTAGT,Locus_COI_Rev,noprimer_,31257
20_NNNNTCAGTCAC,Locus_COI_Fwd,noprimer_,70141
20_NNNNTCAGTCAC,Locus_COI_Rev,noprimer_,31616
20_NNNNTCATATAC,Locus_COI_Fwd,noprimer_,22462
20_NNNNTCATATAC,Locus_COI_Rev,noprimer_,7430
20_NNNNTCGACTCT,Locus_COI_Fwd,noprimer_,1571
20_NNNNTCGACTCT,Locus_COI_Rev,noprimer_,1015
20_NNNNTCGTGCTC,Locus_COI_Fwd,noprimer_,31819
20_NNNNTCGTGCTC,Locus_COI_Rev,noprimer_,15676
20_NNNNTGCTGCAC,Locus_COI_Fwd,noprimer_,22297
20_NNNNTGCTGCAC,Locus_COI_Rev,noprimer_,12586
20_NNNNTGTCATGT,Locus_COI_Fwd,noprimer_,23803
20_NNNNTGTCATGT,Locus_COI_Rev,noprimer_,13331
20_NNNTCATCTGA,Locus_COI_Fwd,noprimer_,42033
20_NNNTCATCTGA,Locus_COI_Rev,noprimer_,19639
20_NNNTGTACAGC,Locus_COI_Fwd,noprimer_,48859
20_NNNTGTACAGC,Locus_COI_Rev,noprimer_,33098
20_NNTAGCAGTG,Locus_COI_Fwd,noprimer_,28301
20_NNTAGCAGTG,Locus_COI_Rev,noprimer_,18445
20_NNTAGCGATA,Locus_COI_Fwd,noprimer_,43894
20_NNTAGCGATA,Locus_COI_Rev,noprimer_,14076
20_NNTCAGTATA,Locus_COI_Fwd,noprimer_,34669
20_NNTCAGTATA,Locus_COI_Rev,noprimer_,10417
20_NNTCATACGT,Locus_COI_Fwd,noprimer_,35888
20_NNTCATACGT,Locus_COI_Rev,noprimer_,18750
20_NNTGCTCAGA,Locus_COI_Fwd,noprimer_,33960
20_NNTGCTCAGA,Locus_COI_Rev,noprimer_,15892
20_NNTGCTCGAT,Locus_COI_Fwd,noprimer_,31117
20_NNTGCTCGAT,Locus_COI_Rev,noprimer_,15635
20_NNTGTACTAT,Locus_COI_Fwd,noprimer_,70671
20_NNTGTACTAT,Locus_COI_Rev,noprimer_,31160
20_NNTGTAGCTA,Locus_COI_Fwd,noprimer_,50601
20_NNTGTAGCTA,Locus_COI_Rev,noprimer_,25442
20_NNTGTATGCA,Locus_COI_Fwd,noprimer_,3547
20_NNTGTATGCA,Locus_COI_Rev,noprimer_,1761
20_NNTGTCAGTA,Locus_COI_Fwd,noprimer_,2317
20_NNTGTCAGTA,Locus_COI_Rev,noprimer_,1169
2_NNNNACGACGAC,all_loci,demultiplexing,14724
2_NNNNACACACAC,all_loci,demultiplexing,17991
2_NNTGCTCGAT,all_loci,demultiplexing,9596
2_NNNACACTAGC,all_loci,demultiplexing,11303
2_NNNACACAGCA,all_loci,demultiplexing,4729
2_NNNNTCGTGCTC,all_loci,demultiplexing,24679
2_NNTCATACGT,all_loci,demultiplexing,33895
2_NNAGCGCTCG,all_loci,demultiplexing,6511
2_NNNGTACGCTG,all_loci,demultiplexing,3938
2_NNNNTGCTGCAC,all_loci,demultiplexing,10155
2_NNNNGCGACGTG,all_loci,demultiplexing,6036
2_NNACACGCGA,all_loci,demultiplexing,32357
2_NNNGTGCGACG,all_loci,demultiplexing,1903
2_NNNAGCGAGTC,all_loci,demultiplexing,8678
2_NNNNATGTCTGC,all_loci,demultiplexing,10747
2_NNTGCTCAGA,all_loci,demultiplexing,10466
2_NNATGTCGAG,all_loci,demultiplexing,7587
2_NNNGTGCAGAC,all_loci,demultiplexing,4575
2_NNNNACACTCTG,all_loci,demultiplexing,15897
2_NNNNACACATGT,all_loci,demultiplexing,12446
2_NNTAGCAGTG,all_loci,demultiplexing,10884
2_NNNACACTGAT,all_loci,demultiplexing,20823
2_NNNACACGACG,all_loci,demultiplexing,4748
2_NNNNGCGAGTAG,all_loci,demultiplexing,8794
2_NNAGCTAGCA,all_loci,demultiplexing,6197
2_NNNNTCATATAC,all_loci,demultiplexing,7481
2_NNTCAGTATA,all_loci,demultiplexing,12874
2_NNNACAGCGTC,all_loci,demultiplexing,12439
2_NNNGCGTCAGA,all_loci,demultiplexing,8353
2_NNNNGACACTGA,all_loci,demultiplexing,4709
2_NNAGCTGACG,all_loci,demultiplexing,8380
2_NNGACACACG,all_loci,demultiplexing,5509
2_NNNAGATCTCT,all_loci,demultiplexing,6572
2_NNNNTCAGTCAC,all_loci,demultiplexing,22701
2_NNNNAGCTATAG,all_loci,demultiplexing,15615
2_NNTGTACTAT,all_loci,demultiplexing,9532
2_NNNACAGCTAT,all_loci,demultiplexing,9714
2_NNNACAGACTA,all_loci,demultiplexing,8875
2_NNNNGACAGAGC,all_loci,demultiplexing,4558
2_NNTGTAGCTA,all_loci,demultiplexing,14990
2_NNACAGAGAG,all_loci,demultiplexing,6697
2_NNNTCATCTGA,all_loci,demultiplexing,41020
2_NNNNGACAGTCT,all_loci,demultiplexing,4213
2_NNNNGACACGAC,all_loci,demultiplexing,10934
2_NNTGTAGACT,all_loci,demultiplexing,13044
2_NNNGTGTAGCA,all_loci,demultiplexing,1995
2_NNNTGTACAGC,all_loci,demultiplexing,31768
2_NNNNGACAGCAG,all_loci,demultiplexing,5356
2_NNGCGCGCGC,all_loci,demultiplexing,3734
2_NNNNGTACTAGT,all_loci,demultiplexing,28905
2_NNTAGCGATA,all_loci,demultiplexing,8110
2_NNNGACGAGCA,all_loci,demultiplexing,21060
2_NNNGACATATA,all_loci,demultiplexing,6134
2_NNNNAGTACGCT,all_loci,demultiplexing,12304
2_NNGCGTACAC,all_loci,demultiplexing,4277
2_NNACAGTCGT,all_loci,demultiplexing,13231
2_NNNGACGACAC,all_loci,demultiplexing,20327
2_NNNNACATCAGT,all_loci,demultiplexing,10205
2_NNNNGACATCGT,all_loci,demultiplexing,4045
2_NNTGTATGCA,all_loci,demultiplexing,9599
2_NNNGTGTGAGC,all_loci,demultiplexing,5307
2_NNNGTGCACTA,all_loci,demultiplexing,4
2_NNNNTCGACTCT,all_loci,demultiplexing,4719
2_NNTGTCAGTA,all_loci,demultiplexing,15
2_NNATCGCAGT,all_loci,demultiplexing,11044
2_NNNGTGTCGTC,all_loci,demultiplexing,14906
2_NNNNTGTCATGT,all_loci,demultiplexing,11637
2_NNNNGTGTCACT,all_loci,demultiplexing,14560
2_NNTGTCACAC,all_loci,demultiplexing,199
2_NNNGACGCATC,all_loci,demultiplexing,17732
2_NNNTGTATCGT,all_loci,demultiplexing,65461
2_NNNNACATATCG,all_loci,demultiplexing,28833
2_NNAGTATACG,all_loci,demultiplexing,16667
2_NNNNGCGTATGT,all_loci,demultiplexing,39915
2_NNTCAGCTCG,all_loci,demultiplexing,56512
2_NNNGACTACGA,all_loci,demultiplexing,21190
2_NNNACGACACG,all_loci,demultiplexing,15472
2_NNNNACATGTGC,all_loci,demultiplexing,35308
2_NNAGTCATCG,all_loci,demultiplexing,44300
2_NNGACGCTAG,all_loci,demultiplexing,3890
2_NNNTGCTATCT,all_loci,demultiplexing,20931
2_NNNNTACAGTAC,all_loci,demultiplexing,8646
2_NNNNACATGATA,all_loci,demultiplexing,21646
2_NNAGTCACGA,all_loci,demultiplexing,46880
2_NNNACGACTGA,all_loci,demultiplexing,6598
2_NNNACATGCAG,all_loci,demultiplexing,15601
2_NNNNTGTCTATC,all_loci,demultiplexing,45671
2_NNAGTCGATA,all_loci,demultiplexing,19931
2_NNGACGTACT,all_loci,demultiplexing,2425
2_NNNGACGTCTG,all_loci,demultiplexing,19464
2_NNNNTGTGAGAG,all_loci,demultiplexing,1916
2_NNACACGCGA,Locus_COI_Fwd,noprimer_,23087
2_NNACACGCGA,Locus_COI_Rev,noprimer_,9095
2_NNACAGAGAG,Locus_COI_Fwd,noprimer_,4552
2_NNACAGAGAG,Locus_COI_Rev,noprimer_,2095
2_NNACAGTCGT,Locus_COI_Fwd,noprimer_,8388
2_NNACAGTCGT,Locus_COI_Rev,noprimer_,4690
2_NNAGCGCTCG,Locus_COI_Fwd,noprimer_,4095
2_NNAGCGCTCG,Locus_COI_Rev,noprimer_,2375
2_NNAGCTAGCA,Locus_COI_Fwd,noprimer_,4085
2_NNAGCTAGCA,Locus_COI_Rev,noprimer_,2080
2_NNAGCTGACG,Locus_COI_Fwd,noprimer_,5291
2_NNAGCTGACG,Locus_COI_Rev,noprimer_,2984
2_NNAGTATACG,Locus_COI_Fwd,noprimer_,12613
2_NNAGTATACG,Locus_COI_Rev,noprimer_,3970
2_NNAGTCACGA,Locus_COI_Fwd,noprimer_,33884
2_NNAGTCACGA,Locus_COI_Rev,noprimer_,12565
2_NNAGTCATCG,Locus_COI_Fwd,noprimer_,32858
2_NNAGTCATCG,Locus_COI_Rev,noprimer_,11038
2_NNAGTCGATA,Locus_COI_Fwd,noprimer_,14998
2_NNAGTCGATA,Locus_COI_Rev,noprimer_,4811
2_NNATCGCAGT,Locus_COI_Fwd,noprimer_,6968
2_NNATCGCAGT,Locus_COI_Rev,noprimer_,3965
2_NNATGTCGAG,Locus_COI_Fwd,noprimer_,4996
2_NNATGTCGAG,Locus_COI_Rev,noprimer_,2549
2_NNGACACACG,Locus_COI_Fwd,noprimer_,3470
2_NNGACACACG,Locus_COI_Rev,noprimer_,1942
2_NNGACGCTAG,Locus_COI_Fwd,noprimer_,2605
2_NNGACGCTAG,Locus_COI_Rev,noprimer_,1269
2_NNGACGTACT,Locus_COI_Fwd,noprimer_,1754
2_NNGACGTACT,Locus_COI_Rev,noprimer_,651
2_NNGCGCGCGC,Locus_COI_Fwd,noprimer_,2554
2_NNGCGCGCGC,Locus_COI_Rev,noprimer_,1134
2_NNGCGTACAC,Locus_COI_Fwd,noprimer_,2910
2_NNGCGTACAC,Locus_COI_Rev,noprimer_,1325
2_NNNACACAGCA,Locus_COI_Fwd,noprimer_,3074
2_NNNACACAGCA,Locus_COI_Rev,noprimer_,1630
2_NNNACACGACG,Locus_COI_Fwd,noprimer_,3018
2_NNNACACGACG,Locus_COI_Rev,noprimer_,1702
2_NNNACACTAGC,Locus_COI_Fwd,noprimer_,7522
2_NNNACACTAGC,Locus_COI_Rev,noprimer_,3385
2_NNNACACTGAT,Locus_COI_Fwd,noprimer_,13244
2_NNNACACTGAT,Locus_COI_Rev,noprimer_,7004
2_NNNACAGACTA,Locus_COI_Fwd,noprimer_,5838
2_NNNACAGACTA,Locus_COI_Rev,noprimer_,2852
2_NNNACAGCGTC,Locus_COI_Fwd,noprimer_,8012
2_NNNACAGCGTC,Locus_COI_Rev,noprimer_,4300
2_NNNACAGCTAT,Locus_COI_Fwd,noprimer_,6391
2_NNNACAGCTAT,Locus_COI_Rev,noprimer_,3229
2_NNNACATGCAG,Locus_COI_Fwd,noprimer_,10716
2_NNNACATGCAG,Locus_COI_Rev,noprimer_,4800
2_NNNACGACACG,Locus_COI_Fwd,noprimer_,11510
2_NNNACGACACG,Locus_COI_Rev,noprimer_,3866
2_NNNACGACTGA,Locus_COI_Fwd,noprimer_,4936
2_NNNACGACTGA,Locus_COI_Rev,noprimer_,1589
2_NNNAGATCTCT,Locus_COI_Fwd,noprimer_,4120
2_NNNAGATCTCT,Locus_COI_Rev,noprimer_,2324
2_NNNAGCGAGTC,Locus_COI_Fwd,noprimer_,6067
2_NNNAGCGAGTC,Locus_COI_Rev,noprimer_,2531
2_NNNGACATATA,Locus_COI_Fwd,noprimer_,4333
2_NNNGACATATA,Locus_COI_Rev,noprimer_,1764
2_NNNGACGACAC,Locus_COI_Fwd,noprimer_,13408
2_NNNGACGACAC,Locus_COI_Rev,noprimer_,6597
2_NNNGACGAGCA,Locus_COI_Fwd,noprimer_,13520
2_NNNGACGAGCA,Locus_COI_Rev,noprimer_,7391
2_NNNGACGCATC,Locus_COI_Fwd,noprimer_,11665
2_NNNGACGCATC,Locus_COI_Rev,noprimer_,5904
2_NNNGACGTCTG,Locus_COI_Fwd,noprimer_,13494
2_NNNGACGTCTG,Locus_COI_Rev,noprimer_,5783
2_NNNGACTACGA,Locus_COI_Fwd,noprimer_,15068
2_NNNGACTACGA,Locus_COI_Rev,noprimer_,6001
2_NNNGCGTCAGA,Locus_COI_Fwd,noprimer_,5674
2_NNNGCGTCAGA,Locus_COI_Rev,noprimer_,2616
2_NNNGTACGCTG,Locus_COI_Fwd,noprimer_,2559
2_NNNGTACGCTG,Locus_COI_Rev,noprimer_,1355
2_NNNGTGCACTA,Locus_COI_Fwd,noprimer_,2
2_NNNGTGCACTA,Locus_COI_Rev,noprimer_,2
2_NNNGTGCAGAC,Locus_COI_Fwd,noprimer_,3107
2_NNNGTGCAGAC,Locus_COI_Rev,noprimer_,1358
2_NNNGTGCGACG,Locus_COI_Fwd,noprimer_,1268
2_NNNGTGCGACG,Locus_COI_Rev,noprimer_,620
2_NNNGTGTAGCA,Locus_COI_Fwd,noprimer_,1320
2_NNNGTGTAGCA,Locus_COI_Rev,noprimer_,661
2_NNNGTGTCGTC,Locus_COI_Fwd,noprimer_,9656
2_NNNGTGTCGTC,Locus_COI_Rev,noprimer_,4984
2_NNNGTGTGAGC,Locus_COI_Fwd,noprimer_,3383
2_NNNGTGTGAGC,Locus_COI_Rev,noprimer_,1818
2_NNNNACACACAC,Locus_COI_Fwd,noprimer_,12432
2_NNNNACACACAC,Locus_COI_Rev,noprimer_,5084
2_NNNNACACATGT,Locus_COI_Fwd,noprimer_,8047
2_NNNNACACATGT,Locus_COI_Rev,noprimer_,4323
2_NNNNACACTCTG,Locus_COI_Fwd,noprimer_,10234
2_NNNNACACTCTG,Locus_COI_Rev,noprimer_,5580
2_NNNNACATATCG,Locus_COI_Fwd,noprimer_,21806
2_NNNNACATATCG,Locus_COI_Rev,noprimer_,6759
2_NNNNACATCAGT,Locus_COI_Fwd,noprimer_,6557
2_NNNNACATCAGT,Locus_COI_Rev,noprimer_,3583
2_NNNNACATGATA,Locus_COI_Fwd,noprimer_,16446
2_NNNNACATGATA,Locus_COI_Rev,noprimer_,4998
2_NNNNACATGTGC,Locus_COI_Fwd,noprimer_,26015
2_NNNNACATGTGC,Locus_COI_Rev,noprimer_,8931
2_NNNNACGACGAC,Locus_COI_Fwd,noprimer_,10367
2_NNNNACGACGAC,Locus_COI_Rev,noprimer_,4136
2_NNNNAGCTATAG,Locus_COI_Fwd,noprimer_,10672
2_NNNNAGCTATAG,Locus_COI_Rev,noprimer_,4833
2_NNNNAGTACGCT,Locus_COI_Fwd,noprimer_,7827
2_NNNNAGTACGCT,Locus_COI_Rev,noprimer_,4258
2_NNNNATGTCTGC,Locus_COI_Fwd,noprimer_,7032
2_NNNNATGTCTGC,Locus_COI_Rev,noprimer_,3522
2_NNNNGACACGAC,Locus_COI_Fwd,noprimer_,7072
2_NNNNGACACGAC,Locus_COI_Rev,noprimer_,3584
2_NNNNGACACTGA,Locus_COI_Fwd,noprimer_,3059
2_NNNNGACACTGA,Locus_COI_Rev,noprimer_,1605
2_NNNNGACAGAGC,Locus_COI_Fwd,noprimer_,2791
2_NNNNGACAGAGC,Locus_COI_Rev,noprimer_,1557
2_NNNNGACAGCAG,Locus_COI_Fwd,noprimer_,3574
2_NNNNGACAGCAG,Locus_COI_Rev,noprimer_,1709
2_NNNNGACAGTCT,Locus_COI_Fwd,noprimer_,2744
2_NNNNGACAGTCT,Locus_COI_Rev,noprimer_,1417
2_NNNNGACATCGT,Locus_COI_Fwd,noprimer_,2532
2_NNNNGACATCGT,Locus_COI_Rev,noprimer_,1450
2_NNNNGCGACGTG,Locus_COI_Fwd,noprimer_,3699
2_NNNNGCGACGTG,Locus_COI_Rev,noprimer_,2062
2_NNNNGCGAGTAG,Locus_COI_Fwd,noprimer_,5828
2_NNNNGCGAGTAG,Locus_COI_Rev,noprimer_,2920
2_NNNNGCGTATGT,Locus_COI_Fwd,noprimer_,29287
2_NNNNGCGTATGT,Locus_COI_Rev,noprimer_,10309
2_NNNNGTACTAGT,Locus_COI_Fwd,noprimer_,18019
2_NNNNGTACTAGT,Locus_COI_Rev,noprimer_,10694
2_NNNNGTGTCACT,Locus_COI_Fwd,noprimer_,9192
2_NNNNGTGTCACT,Locus_COI_Rev,noprimer_,5236
2_NNNNTACAGTAC,Locus_COI_Fwd,noprimer_,6256
2_NNNNTACAGTAC,Locus_COI_Rev,noprimer_,2341
2_NNNNTCAGTCAC,Locus_COI_Fwd,noprimer_,15004
2_NNNNTCAGTCAC,Locus_COI_Rev,noprimer_,6840
2_NNNNTCATATAC,Locus_COI_Fwd,noprimer_,5076
2_NNNNTCATATAC,Locus_COI_Rev,noprimer_,2359
2_NNNNTCGACTCT,Locus_COI_Fwd,noprimer_,2918
2_NNNNTCGACTCT,Locus_COI_Rev,noprimer_,1760
2_NNNNTCGTGCTC,Locus_COI_Fwd,noprimer_,16345
2_NNNNTCGTGCTC,Locus_COI_Rev,noprimer_,8132
2_NNNNTGCTGCAC,Locus_COI_Fwd,noprimer_,6311
2_NNNNTGCTGCAC,Locus_COI_Rev,noprimer_,3042
2_NNNNTGTCATGT,Locus_COI_Fwd,noprimer_,7443
2_NNNNTGTCATGT,Locus_COI_Rev,noprimer_,4052
2_NNNNTGTCTATC,Locus_COI_Fwd,noprimer_,33096
2_NNNNTGTCTATC,Locus_COI_Rev,noprimer_,12187
2_NNNNTGTGAGAG,Locus_COI_Fwd,noprimer_,1445
2_NNNNTGTGAGAG,Locus_COI_Rev,noprimer_,454
2_NNNTCATCTGA,Locus_COI_Fwd,noprimer_,27042
2_NNNTCATCTGA,Locus_COI_Rev,noprimer_,13588
2_NNNTGCTATCT,Locus_COI_Fwd,noprimer_,14468
2_NNNTGCTATCT,Locus_COI_Rev,noprimer_,6368
2_NNNTGTACAGC,Locus_COI_Fwd,noprimer_,20696
2_NNNTGTACAGC,Locus_COI_Rev,noprimer_,9575
2_NNNTGTATCGT,Locus_COI_Fwd,noprimer_,49732
2_NNNTGTATCGT,Locus_COI_Rev,noprimer_,15133
2_NNTAGCAGTG,Locus_COI_Fwd,noprimer_,6350
2_NNTAGCAGTG,Locus_COI_Rev,noprimer_,4083
2_NNTAGCGATA,Locus_COI_Fwd,noprimer_,5328
2_NNTAGCGATA,Locus_COI_Rev,noprimer_,2747
2_NNTCAGCTCG,Locus_COI_Fwd,noprimer_,37886
2_NNTCAGCTCG,Locus_COI_Rev,noprimer_,18370
2_NNTCAGTATA,Locus_COI_Fwd,noprimer_,8708
2_NNTCAGTATA,Locus_COI_Rev,noprimer_,4047
2_NNTCATACGT,Locus_COI_Fwd,noprimer_,22355
2_NNTCATACGT,Locus_COI_Rev,noprimer_,11210
2_NNTGCTCAGA,Locus_COI_Fwd,noprimer_,7212
2_NNTGCTCAGA,Locus_COI_Rev,noprimer_,3169
2_NNTGCTCGAT,Locus_COI_Fwd,noprimer_,6670
2_NNTGCTCGAT,Locus_COI_Rev,noprimer_,2873
2_NNTGTACTAT,Locus_COI_Fwd,noprimer_,6553
2_NNTGTACTAT,Locus_COI_Rev,noprimer_,2909
2_NNTGTAGACT,Locus_COI_Fwd,noprimer_,8400
2_NNTGTAGACT,Locus_COI_Rev,noprimer_,4476
2_NNTGTAGCTA,Locus_COI_Fwd,noprimer_,9471
2_NNTGTAGCTA,Locus_COI_Rev,noprimer_,5014
2_NNTGTATGCA,Locus_COI_Fwd,noprimer_,6210
2_NNTGTATGCA,Locus_COI_Rev,noprimer_,3208
2_NNTGTCACAC,Locus_COI_Fwd,noprimer_,127
2_NNTGTCACAC,Locus_COI_Rev,noprimer_,66
2_NNTGTCAGTA,Locus_COI_Fwd,noprimer_,10
2_NNTGTCAGTA,Locus_COI_Rev,noprimer_,3
3_NNNNACACACAC,all_loci,demultiplexing,17598
3_NNTGCTCGAT,all_loci,demultiplexing,14567
3_NNNACACTAGC,all_loci,demultiplexing,51565
3_NNNACACAGCA,all_loci,demultiplexing,26418
3_NNNNTCGTGCTC,all_loci,demultiplexing,79114
3_NNTCATACGT,all_loci,demultiplexing,95751
3_NNAGCGCTCG,all_loci,demultiplexing,14430
3_NNNGTACGCTG,all_loci,demultiplexing,50657
3_NNNNTGCTGCAC,all_loci,demultiplexing,43256
3_NNNNGCGACGTG,all_loci,demultiplexing,36878
3_NNACACGCGA,all_loci,demultiplexing,25591
3_NNNGTGCGACG,all_loci,demultiplexing,21745
3_NNNAGCGAGTC,all_loci,demultiplexing,29124
3_NNNNATGTCTGC,all_loci,demultiplexing,58767
3_NNTGCTCAGA,all_loci,demultiplexing,47534
3_NNATGTCGAG,all_loci,demultiplexing,14821
3_NNNGTGCAGAC,all_loci,demultiplexing,46247
3_NNNNACACTCTG,all_loci,demultiplexing,30523
3_NNNNACACATGT,all_loci,demultiplexing,57740
3_NNTAGCAGTG,all_loci,demultiplexing,29346
3_NNNACACTGAT,all_loci,demultiplexing,59503
3_NNNACACGACG,all_loci,demultiplexing,9040
3_NNNNGCGAGTAG,all_loci,demultiplexing,39034
3_NNAGCTAGCA,all_loci,demultiplexing,49168
3_NNNNTCATATAC,all_loci,demultiplexing,7322
3_NNTCAGTATA,all_loci,demultiplexing,14804
3_NNNACAGCGTC,all_loci,demultiplexing,39101
3_NNNGCGTCAGA,all_loci,demultiplexing,42067
3_NNNNGACACTGA,all_loci,demultiplexing,7162
3_NNAGCTGACG,all_loci,demultiplexing,33097
3_NNGACACACG,all_loci,demultiplexing,17211
3_NNNAGATCTCT,all_loci,demultiplexing,22298
3_NNNNTCAGTCAC,all_loci,demultiplexing,38274
3_NNNNAGCTATAG,all_loci,demultiplexing,10652
3_NNTGTACTAT,all_loci,demultiplexing,24071
3_NNNACAGCTAT,all_loci,demultiplexing,6929
3_NNNACAGACTA,all_loci,demultiplexing,2506
3_NNNNGACAGAGC,all_loci,demultiplexing,20999
3_NNTGTAGCTA,all_loci,demultiplexing,30070
3_NNACAGAGAG,all_loci,demultiplexing,9384
3_NNNTCATCTGA,all_loci,demultiplexing,42080
3_NNNNGACAGTCT,all_loci,demultiplexing,16269
3_NNNNGACACGAC,all_loci,demultiplexing,7807
3_NNTGTAGACT,all_loci,demultiplexing,47009
3_NNNGTGTAGCA,all_loci,demultiplexing,19336
3_NNNTGTACAGC,all_loci,demultiplexing,73389
3_NNNNGACAGCAG,all_loci,demultiplexing,25864
3_NNGCGCGCGC,all_loci,demultiplexing,41734
3_NNACACGCGA,Locus_COI_Fwd,noprimer_,19355
3_NNACACGCGA,Locus_COI_Rev,noprimer_,6053
3_NNACAGAGAG,Locus_COI_Fwd,noprimer_,7461
3_NNACAGAGAG,Locus_COI_Rev,noprimer_,1850
3_NNAGCGCTCG,Locus_COI_Fwd,noprimer_,10167
3_NNAGCGCTCG,Locus_COI_Rev,noprimer_,4171
3_NNAGCTAGCA,Locus_COI_Fwd,noprimer_,36408
3_NNAGCTAGCA,Locus_COI_Rev,noprimer_,12132
3_NNAGCTGACG,Locus_COI_Fwd,noprimer_,24246
3_NNAGCTGACG,Locus_COI_Rev,noprimer_,8386
3_NNATGTCGAG,Locus_COI_Fwd,noprimer_,11507
3_NNATGTCGAG,Locus_COI_Rev,noprimer_,3190
3_NNGACACACG,Locus_COI_Fwd,noprimer_,12351
3_NNGACACACG,Locus_COI_Rev,noprimer_,4654
3_NNGCGCGCGC,Locus_COI_Fwd,noprimer_,29363
3_NNGCGCGCGC,Locus_COI_Rev,noprimer_,12013
3_NNNACACAGCA,Locus_COI_Fwd,noprimer_,18810
3_NNNACACAGCA,Locus_COI_Rev,noprimer_,7285
3_NNNACACGACG,Locus_COI_Fwd,noprimer_,6556
3_NNNACACGACG,Locus_COI_Rev,noprimer_,2372
3_NNNACACTAGC,Locus_COI_Fwd,noprimer_,33715
3_NNNACACTAGC,Locus_COI_Rev,noprimer_,16511
3_NNNACACTGAT,Locus_COI_Fwd,noprimer_,42264
3_NNNACACTGAT,Locus_COI_Rev,noprimer_,16454
3_NNNACAGACTA,Locus_COI_Fwd,noprimer_,2033
3_NNNACAGACTA,Locus_COI_Rev,noprimer_,439
3_NNNACAGCGTC,Locus_COI_Fwd,noprimer_,28732
3_NNNACAGCGTC,Locus_COI_Rev,noprimer_,9700
3_NNNACAGCTAT,Locus_COI_Fwd,noprimer_,4896
3_NNNACAGCTAT,Locus_COI_Rev,noprimer_,1959
3_NNNAGATCTCT,Locus_COI_Fwd,noprimer_,16274
3_NNNAGATCTCT,Locus_COI_Rev,noprimer_,5656
3_NNNAGCGAGTC,Locus_COI_Fwd,noprimer_,22918
3_NNNAGCGAGTC,Locus_COI_Rev,noprimer_,5900
3_NNNGCGTCAGA,Locus_COI_Fwd,noprimer_,33727
3_NNNGCGTCAGA,Locus_COI_Rev,noprimer_,7954
3_NNNGTACGCTG,Locus_COI_Fwd,noprimer_,33228
3_NNNGTACGCTG,Locus_COI_Rev,noprimer_,16969
3_NNNGTGCAGAC,Locus_COI_Fwd,noprimer_,35181
3_NNNGTGCAGAC,Locus_COI_Rev,noprimer_,10230
3_NNNGTGCGACG,Locus_COI_Fwd,noprimer_,14947
3_NNNGTGCGACG,Locus_COI_Rev,noprimer_,6584
3_NNNGTGTAGCA,Locus_COI_Fwd,noprimer_,15110
3_NNNGTGTAGCA,Locus_COI_Rev,noprimer_,4014
3_NNNNACACACAC,Locus_COI_Fwd,noprimer_,13192
3_NNNNACACACAC,Locus_COI_Rev,noprimer_,4089
3_NNNNACACATGT,Locus_COI_Fwd,noprimer_,41261
3_NNNNACACATGT,Locus_COI_Rev,noprimer_,15757
3_NNNNACACTCTG,Locus_COI_Fwd,noprimer_,22319
3_NNNNACACTCTG,Locus_COI_Rev,noprimer_,7866
3_NNNNAGCTATAG,Locus_COI_Fwd,noprimer_,8271
3_NNNNAGCTATAG,Locus_COI_Rev,noprimer_,2287
3_NNNNATGTCTGC,Locus_COI_Fwd,noprimer_,39259
3_NNNNATGTCTGC,Locus_COI_Rev,noprimer_,16798
3_NNNNGACACGAC,Locus_COI_Fwd,noprimer_,5826
3_NNNNGACACGAC,Locus_COI_Rev,noprimer_,1871
3_NNNNGACACTGA,Locus_COI_Fwd,noprimer_,5540
3_NNNNGACACTGA,Locus_COI_Rev,noprimer_,1543
3_NNNNGACAGAGC,Locus_COI_Fwd,noprimer_,15519
3_NNNNGACAGAGC,Locus_COI_Rev,noprimer_,5052
3_NNNNGACAGCAG,Locus_COI_Fwd,noprimer_,17413
3_NNNNGACAGCAG,Locus_COI_Rev,noprimer_,8085
3_NNNNGACAGTCT,Locus_COI_Fwd,noprimer_,11866
3_NNNNGACAGTCT,Locus_COI_Rev,noprimer_,4250
3_NNNNGCGACGTG,Locus_COI_Fwd,noprimer_,22995
3_NNNNGCGACGTG,Locus_COI_Rev,noprimer_,12343
3_NNNNGCGAGTAG,Locus_COI_Fwd,noprimer_,28881
3_NNNNGCGAGTAG,Locus_COI_Rev,noprimer_,9660
3_NNNNTCAGTCAC,Locus_COI_Fwd,noprimer_,28340
3_NNNNTCAGTCAC,Locus_COI_Rev,noprimer_,8598
3_NNNNTCATATAC,Locus_COI_Fwd,noprimer_,6018
3_NNNNTCATATAC,Locus_COI_Rev,noprimer_,1222
3_NNNNTCGTGCTC,Locus_COI_Fwd,noprimer_,58227
3_NNNNTCGTGCTC,Locus_COI_Rev,noprimer_,19864
3_NNNNTGCTGCAC,Locus_COI_Fwd,noprimer_,30315
3_NNNNTGCTGCAC,Locus_COI_Rev,noprimer_,12471
3_NNNTCATCTGA,Locus_COI_Fwd,noprimer_,31611
3_NNNTCATCTGA,Locus_COI_Rev,noprimer_,10066
3_NNNTGTACAGC,Locus_COI_Fwd,noprimer_,51199
3_NNNTGTACAGC,Locus_COI_Rev,noprimer_,21443
3_NNTAGCAGTG,Locus_COI_Fwd,noprimer_,19397
3_NNTAGCAGTG,Locus_COI_Rev,noprimer_,8609
3_NNTCAGTATA,Locus_COI_Fwd,noprimer_,12176
3_NNTCAGTATA,Locus_COI_Rev,noprimer_,2484
3_NNTCATACGT,Locus_COI_Fwd,noprimer_,72392
3_NNTCATACGT,Locus_COI_Rev,noprimer_,22379
3_NNTGCTCAGA,Locus_COI_Fwd,noprimer_,36457
3_NNTGCTCAGA,Locus_COI_Rev,noprimer_,10677
3_NNTGCTCGAT,Locus_COI_Fwd,noprimer_,11092
3_NNTGCTCGAT,Locus_COI_Rev,noprimer_,3366
3_NNTGTACTAT,Locus_COI_Fwd,noprimer_,18731
3_NNTGTACTAT,Locus_COI_Rev,noprimer_,5135
3_NNTGTAGACT,Locus_COI_Fwd,noprimer_,34713
3_NNTGTAGACT,Locus_COI_Rev,noprimer_,11500
3_NNTGTAGCTA,Locus_COI_Fwd,noprimer_,23172
3_NNTGTAGCTA,Locus_COI_Rev,noprimer_,6576
7_NNNAGTATGTC,all_loci,demultiplexing,45120
7_NNNNACACACAC,all_loci,demultiplexing,33553
7_NNTGCTCGAT,all_loci,demultiplexing,36930
7_NNNACACTAGC,all_loci,demultiplexing,26399
7_NNNACACAGCA,all_loci,demultiplexing,15820
7_NNNNTCGTGCTC,all_loci,demultiplexing,32302
7_NNTCATACGT,all_loci,demultiplexing,47769
7_NNAGCGCTCG,all_loci,demultiplexing,18503
7_NNNGTACGCTG,all_loci,demultiplexing,8504
7_NNNNTGCTGCAC,all_loci,demultiplexing,27021
7_NNNNGCGACGTG,all_loci,demultiplexing,23673
7_NNACACGCGA,all_loci,demultiplexing,44154
7_NNNGTGCGACG,all_loci,demultiplexing,12802
7_NNNAGCGAGTC,all_loci,demultiplexing,23916
7_NNNNATGTCTGC,all_loci,demultiplexing,38068
7_NNTGCTCAGA,all_loci,demultiplexing,32887
7_NNATGTCGAG,all_loci,demultiplexing,20106
7_NNNGTGCAGAC,all_loci,demultiplexing,19860
7_NNNNACACTCTG,all_loci,demultiplexing,11203
7_NNNNACACATGT,all_loci,demultiplexing,24847
7_NNTAGCAGTG,all_loci,demultiplexing,15344
7_NNNACACTGAT,all_loci,demultiplexing,30589
7_NNNACACGACG,all_loci,demultiplexing,18366
7_NNNNGCGAGTAG,all_loci,demultiplexing,34221
7_NNAGCTAGCA,all_loci,demultiplexing,30570
7_NNNNTCATATAC,all_loci,demultiplexing,16033
7_NNTCAGTATA,all_loci,demultiplexing,25945
7_NNNACAGCGTC,all_loci,demultiplexing,33791
7_NNNGCGTCAGA,all_loci,demultiplexing,19
7_NNNNGACACTGA,all_loci,demultiplexing,3
7_NNAGCTGACG,all_loci,demultiplexing,30255
7_NNGACACACG,all_loci,demultiplexing,21039
7_NNNAGATCTCT,all_loci,demultiplexing,13113
7_NNNNTCAGTCAC,all_loci,demultiplexing,32088
7_NNNNAGCTATAG,all_loci,demultiplexing,19148
7_NNTGTACTAT,all_loci,demultiplexing,40147
7_NNNACAGCTAT,all_loci,demultiplexing,16418
7_NNNACAGACTA,all_loci,demultiplexing,20774
7_NNNNGACAGAGC,all_loci,demultiplexing,12941
7_NNTGTAGCTA,all_loci,demultiplexing,33566
7_NNACAGAGAG,all_loci,demultiplexing,23062
7_NNNTCATCTGA,all_loci,demultiplexing,20476
7_NNNNGACAGTCT,all_loci,demultiplexing,11496
7_NNNNGACACGAC,all_loci,demultiplexing,17866
7_NNTGTAGACT,all_loci,demultiplexing,26011
7_NNNGTGTAGCA,all_loci,demultiplexing,14342
7_NNNTGTACAGC,all_loci,demultiplexing,60455
7_NNNNGACAGCAG,all_loci,demultiplexing,11140
7_NNGCGCGCGC,all_loci,demultiplexing,51368
7_NNNNGTACTAGT,all_loci,demultiplexing,14883
7_NNTAGCGATA,all_loci,demultiplexing,13502
7_NNNGACGAGCA,all_loci,demultiplexing,23326
7_NNNGACATATA,all_loci,demultiplexing,12715
7_NNNNAGTACGCT,all_loci,demultiplexing,22702
7_NNGCGTACAC,all_loci,demultiplexing,22657
7_NNACAGTCGT,all_loci,demultiplexing,28707
7_NNNGACGACAC,all_loci,demultiplexing,26654
7_NNNNACATCAGT,all_loci,demultiplexing,23424
7_NNNNGACATCGT,all_loci,demultiplexing,6539
7_NNTGTATGCA,all_loci,demultiplexing,26663
7_NNNGTGTGAGC,all_loci,demultiplexing,27544
7_NNNGTGCACTA,all_loci,demultiplexing,10225
7_NNNNTCGACTCT,all_loci,demultiplexing,21782
7_NNTGTCAGTA,all_loci,demultiplexing,36695
7_NNATCGCAGT,all_loci,demultiplexing,232
7_NNNGTGTCGTC,all_loci,demultiplexing,0
7_NNNNTGTCATGT,all_loci,demultiplexing,33359
7_NNNNGTGTCACT,all_loci,demultiplexing,66539
7_NNTGTCACAC,all_loci,demultiplexing,122089
7_NNNGACGCATC,all_loci,demultiplexing,80130
7_NNNTGTATCGT,all_loci,demultiplexing,125691
7_NNNNACATATCG,all_loci,demultiplexing,42288
7_NNAGTATACG,all_loci,demultiplexing,44829
7_NNNNGCGTATGT,all_loci,demultiplexing,60440
7_NNTCAGCTCG,all_loci,demultiplexing,133051
7_NNNGACTACGA,all_loci,demultiplexing,20574
7_NNNACGACACG,all_loci,demultiplexing,50538
7_NNNNACATGTGC,all_loci,demultiplexing,54549
7_NNAGTCATCG,all_loci,demultiplexing,95263
7_NNGACGCTAG,all_loci,demultiplexing,7966
7_NNNTGCTATCT,all_loci,demultiplexing,10782
7_NNNNTACAGTAC,all_loci,demultiplexing,17758
7_NNNNACATGATA,all_loci,demultiplexing,17871
7_NNAGTCACGA,all_loci,demultiplexing,42771
7_NNNACGACTGA,all_loci,demultiplexing,16095
7_NNNACATGCAG,all_loci,demultiplexing,23617
7_NNNNTGTCTATC,all_loci,demultiplexing,26430
7_NNAGTCGATA,all_loci,demultiplexing,41007
7_NNGACGTACT,all_loci,demultiplexing,5270
7_NNNGACGTCTG,all_loci,demultiplexing,24523
7_NNNNTGTGAGAG,all_loci,demultiplexing,9503
7_NNACACGCGA,Locus_COI_Fwd,noprimer_,33288
7_NNACACGCGA,Locus_COI_Rev,noprimer_,10297
7_NNACAGAGAG,Locus_COI_Fwd,noprimer_,18213
7_NNACAGAGAG,Locus_COI_Rev,noprimer_,4678
7_NNACAGTCGT,Locus_COI_Fwd,noprimer_,21034
7_NNACAGTCGT,Locus_COI_Rev,noprimer_,6999
7_NNAGCGCTCG,Locus_COI_Fwd,noprimer_,12922
7_NNAGCGCTCG,Locus_COI_Rev,noprimer_,5412
7_NNAGCTAGCA,Locus_COI_Fwd,noprimer_,23702
7_NNAGCTAGCA,Locus_COI_Rev,noprimer_,6707
7_NNAGCTGACG,Locus_COI_Fwd,noprimer_,22361
7_NNAGCTGACG,Locus_COI_Rev,noprimer_,7559
7_NNAGTATACG,Locus_COI_Fwd,noprimer_,32121
7_NNAGTATACG,Locus_COI_Rev,noprimer_,12122
7_NNAGTCACGA,Locus_COI_Fwd,noprimer_,33404
7_NNAGTCACGA,Locus_COI_Rev,noprimer_,8924
7_NNAGTCATCG,Locus_COI_Fwd,noprimer_,63555
7_NNAGTCATCG,Locus_COI_Rev,noprimer_,30267
7_NNAGTCGATA,Locus_COI_Fwd,noprimer_,33125
7_NNAGTCGATA,Locus_COI_Rev,noprimer_,6863
7_NNATCGCAGT,Locus_COI_Fwd,noprimer_,168
7_NNATCGCAGT,Locus_COI_Rev,noprimer_,58
7_NNATGTCGAG,Locus_COI_Fwd,noprimer_,14677
7_NNATGTCGAG,Locus_COI_Rev,noprimer_,5261
7_NNGACACACG,Locus_COI_Fwd,noprimer_,15656
7_NNGACACACG,Locus_COI_Rev,noprimer_,5222
7_NNGACGCTAG,Locus_COI_Fwd,noprimer_,5705
7_NNGACGCTAG,Locus_COI_Rev,noprimer_,2139
7_NNGACGTACT,Locus_COI_Fwd,noprimer_,3841
7_NNGACGTACT,Locus_COI_Rev,noprimer_,1356
7_NNGCGCGCGC,Locus_COI_Fwd,noprimer_,38236
7_NNGCGCGCGC,Locus_COI_Rev,noprimer_,12652
7_NNGCGTACAC,Locus_COI_Fwd,noprimer_,17588
7_NNGCGTACAC,Locus_COI_Rev,noprimer_,4765
7_NNNACACAGCA,Locus_COI_Fwd,noprimer_,11412
7_NNNACACAGCA,Locus_COI_Rev,noprimer_,4143
7_NNNACACGACG,Locus_COI_Fwd,noprimer_,13276
7_NNNACACGACG,Locus_COI_Rev,noprimer_,4919
7_NNNACACTAGC,Locus_COI_Fwd,noprimer_,18901
7_NNNACACTAGC,Locus_COI_Rev,noprimer_,6806
7_NNNACACTGAT,Locus_COI_Fwd,noprimer_,21846
7_NNNACACTGAT,Locus_COI_Rev,noprimer_,8064
7_NNNACAGACTA,Locus_COI_Fwd,noprimer_,16286
7_NNNACAGACTA,Locus_COI_Rev,noprimer_,4115
7_NNNACAGCGTC,Locus_COI_Fwd,noprimer_,25191
7_NNNACAGCGTC,Locus_COI_Rev,noprimer_,8174
7_NNNACAGCTAT,Locus_COI_Fwd,noprimer_,11965
7_NNNACAGCTAT,Locus_COI_Rev,noprimer_,4321
7_NNNACATGCAG,Locus_COI_Fwd,noprimer_,17510
7_NNNACATGCAG,Locus_COI_Rev,noprimer_,5912
7_NNNACGACACG,Locus_COI_Fwd,noprimer_,33121
7_NNNACGACACG,Locus_COI_Rev,noprimer_,16824
7_NNNACGACTGA,Locus_COI_Fwd,noprimer_,12538
7_NNNACGACTGA,Locus_COI_Rev,noprimer_,3258
7_NNNAGATCTCT,Locus_COI_Fwd,noprimer_,9863
7_NNNAGATCTCT,Locus_COI_Rev,noprimer_,3112
7_NNNAGCGAGTC,Locus_COI_Fwd,noprimer_,18557
7_NNNAGCGAGTC,Locus_COI_Rev,noprimer_,5052
7_NNNAGTATGTC,Locus_COI_Fwd,noprimer_,36128
7_NNNAGTATGTC,Locus_COI_Rev,noprimer_,8420
7_NNNGACATATA,Locus_COI_Fwd,noprimer_,10067
7_NNNGACATATA,Locus_COI_Rev,noprimer_,2343
7_NNNGACGACAC,Locus_COI_Fwd,noprimer_,20244
7_NNNGACGACAC,Locus_COI_Rev,noprimer_,5783
7_NNNGACGAGCA,Locus_COI_Fwd,noprimer_,17346
7_NNNGACGAGCA,Locus_COI_Rev,noprimer_,5730
7_NNNGACGCATC,Locus_COI_Fwd,noprimer_,63968
7_NNNGACGCATC,Locus_COI_Rev,noprimer_,15597
7_NNNGACGTCTG,Locus_COI_Fwd,noprimer_,17320
7_NNNGACGTCTG,Locus_COI_Rev,noprimer_,6747
7_NNNGACTACGA,Locus_COI_Fwd,noprimer_,14782
7_NNNGACTACGA,Locus_COI_Rev,noprimer_,5577
7_NNNGCGTCAGA,Locus_COI_Fwd,noprimer_,11
7_NNNGCGTCAGA,Locus_COI_Rev,noprimer_,7
7_NNNGTACGCTG,Locus_COI_Fwd,noprimer_,5919
7_NNNGTACGCTG,Locus_COI_Rev,noprimer_,2443
7_NNNGTGCACTA,Locus_COI_Fwd,noprimer_,7904
7_NNNGTGCACTA,Locus_COI_Rev,noprimer_,2193
7_NNNGTGCAGAC,Locus_COI_Fwd,noprimer_,15222
7_NNNGTGCAGAC,Locus_COI_Rev,noprimer_,4321
7_NNNGTGCGACG,Locus_COI_Fwd,noprimer_,9093
7_NNNGTGCGACG,Locus_COI_Rev,noprimer_,3568
7_NNNGTGTAGCA,Locus_COI_Fwd,noprimer_,11024
7_NNNGTGTAGCA,Locus_COI_Rev,noprimer_,3182
iteration ,Error,Error,Error
7_NNNGTGTGAGC,Locus_COI_Fwd,noprimer_,20408
7_NNNGTGTGAGC,Locus_COI_Rev,noprimer_,6716
7_NNNNACACACAC,Locus_COI_Fwd,noprimer_,24559
7_NNNNACACACAC,Locus_COI_Rev,noprimer_,7985
7_NNNNACACATGT,Locus_COI_Fwd,noprimer_,18256
7_NNNNACACATGT,Locus_COI_Rev,noprimer_,6148
7_NNNNACACTCTG,Locus_COI_Fwd,noprimer_,8144
7_NNNNACACTCTG,Locus_COI_Rev,noprimer_,2896
7_NNNNACATATCG,Locus_COI_Fwd,noprimer_,29328
7_NNNNACATATCG,Locus_COI_Rev,noprimer_,12184
7_NNNNACATCAGT,Locus_COI_Fwd,noprimer_,17213
7_NNNNACATCAGT,Locus_COI_Rev,noprimer_,5859
7_NNNNACATGATA,Locus_COI_Fwd,noprimer_,14721
7_NNNNACATGATA,Locus_COI_Rev,noprimer_,2907
7_NNNNACATGTGC,Locus_COI_Fwd,noprimer_,36298
7_NNNNACATGTGC,Locus_COI_Rev,noprimer_,17238
7_NNNNAGCTATAG,Locus_COI_Fwd,noprimer_,14988
7_NNNNAGCTATAG,Locus_COI_Rev,noprimer_,4023
7_NNNNAGTACGCT,Locus_COI_Fwd,noprimer_,15510
7_NNNNAGTACGCT,Locus_COI_Rev,noprimer_,6716
7_NNNNATGTCTGC,Locus_COI_Fwd,noprimer_,26122
7_NNNNATGTCTGC,Locus_COI_Rev,noprimer_,10102
7_NNNNGACACGAC,Locus_COI_Fwd,noprimer_,13055
7_NNNNGACACGAC,Locus_COI_Rev,noprimer_,4523
7_NNNNGACACTGA,Locus_COI_Fwd,noprimer_,2
7_NNNNGACACTGA,Locus_COI_Rev,noprimer_,0
7_NNNNGACAGAGC,Locus_COI_Fwd,noprimer_,9701
7_NNNNGACAGAGC,Locus_COI_Rev,noprimer_,3032
7_NNNNGACAGCAG,Locus_COI_Fwd,noprimer_,8111
7_NNNNGACAGCAG,Locus_COI_Rev,noprimer_,2886
7_NNNNGACAGTCT,Locus_COI_Fwd,noprimer_,8688
7_NNNNGACAGTCT,Locus_COI_Rev,noprimer_,2690
7_NNNNGACATCGT,Locus_COI_Fwd,noprimer_,4846
7_NNNNGACATCGT,Locus_COI_Rev,noprimer_,1592
7_NNNNGCGACGTG,Locus_COI_Fwd,noprimer_,15437
7_NNNNGCGACGTG,Locus_COI_Rev,noprimer_,6830
7_NNNNGCGAGTAG,Locus_COI_Fwd,noprimer_,26569
7_NNNNGCGAGTAG,Locus_COI_Rev,noprimer_,7430
7_NNNNGCGTATGT,Locus_COI_Fwd,noprimer_,42443
7_NNNNGCGTATGT,Locus_COI_Rev,noprimer_,15174
7_NNNNGTACTAGT,Locus_COI_Fwd,noprimer_,10839
7_NNNNGTACTAGT,Locus_COI_Rev,noprimer_,3909
7_NNNNGTGTCACT,Locus_COI_Fwd,noprimer_,50641
7_NNNNGTGTCACT,Locus_COI_Rev,noprimer_,15279
7_NNNNTACAGTAC,Locus_COI_Fwd,noprimer_,13710
7_NNNNTACAGTAC,Locus_COI_Rev,noprimer_,3620
7_NNNNTCAGTCAC,Locus_COI_Fwd,noprimer_,24684
7_NNNNTCAGTCAC,Locus_COI_Rev,noprimer_,6811
7_NNNNTCATATAC,Locus_COI_Fwd,noprimer_,13051
7_NNNNTCATATAC,Locus_COI_Rev,noprimer_,2833
7_NNNNTCGACTCT,Locus_COI_Fwd,noprimer_,15955
7_NNNNTCGACTCT,Locus_COI_Rev,noprimer_,5420
7_NNNNTCGTGCTC,Locus_COI_Fwd,noprimer_,23977
7_NNNNTCGTGCTC,Locus_COI_Rev,noprimer_,7813
7_NNNNTGCTGCAC,Locus_COI_Fwd,noprimer_,19145
7_NNNNTGCTGCAC,Locus_COI_Rev,noprimer_,7298
7_NNNNTGTCATGT,Locus_COI_Fwd,noprimer_,24048
7_NNNNTGTCATGT,Locus_COI_Rev,noprimer_,8518
7_NNNNTGTCTATC,Locus_COI_Fwd,noprimer_,20728
7_NNNNTGTCTATC,Locus_COI_Rev,noprimer_,5139
7_NNNNTGTGAGAG,Locus_COI_Fwd,noprimer_,6948
7_NNNNTGTGAGAG,Locus_COI_Rev,noprimer_,2232
7_NNNTCATCTGA,Locus_COI_Fwd,noprimer_,15778
7_NNNTCATCTGA,Locus_COI_Rev,noprimer_,4518
7_NNNTGCTATCT,Locus_COI_Fwd,noprimer_,8126
7_NNNTGCTATCT,Locus_COI_Rev,noprimer_,2441
7_NNNTGTACAGC,Locus_COI_Fwd,noprimer_,43945
7_NNNTGTACAGC,Locus_COI_Rev,noprimer_,15630
7_NNNTGTATCGT,Locus_COI_Fwd,noprimer_,87290
7_NNNTGTATCGT,Locus_COI_Rev,noprimer_,36477
7_NNTAGCAGTG,Locus_COI_Fwd,noprimer_,10164
7_NNTAGCAGTG,Locus_COI_Rev,noprimer_,4343
7_NNTAGCGATA,Locus_COI_Fwd,noprimer_,10636
7_NNTAGCGATA,Locus_COI_Rev,noprimer_,2706
7_NNTCAGCTCG,Locus_COI_Fwd,noprimer_,86905
7_NNTCAGCTCG,Locus_COI_Rev,noprimer_,44916
7_NNTCAGTATA,Locus_COI_Fwd,noprimer_,21340
7_NNTCAGTATA,Locus_COI_Rev,noprimer_,4392
7_NNTCATACGT,Locus_COI_Fwd,noprimer_,35063
7_NNTCATACGT,Locus_COI_Rev,noprimer_,11651
7_NNTGCTCAGA,Locus_COI_Fwd,noprimer_,25209
7_NNTGCTCAGA,Locus_COI_Rev,noprimer_,7340
7_NNTGCTCGAT,Locus_COI_Fwd,noprimer_,27693
7_NNTGCTCGAT,Locus_COI_Rev,noprimer_,8852
7_NNTGTACTAT,Locus_COI_Fwd,noprimer_,31626
7_NNTGTACTAT,Locus_COI_Rev,noprimer_,8231
7_NNTGTAGACT,Locus_COI_Fwd,noprimer_,19756
7_NNTGTAGACT,Locus_COI_Rev,noprimer_,5928
7_NNTGTAGCTA,Locus_COI_Fwd,noprimer_,25201
7_NNTGTAGCTA,Locus_COI_Rev,noprimer_,8047
7_NNTGTATGCA,Locus_COI_Fwd,noprimer_,20864
7_NNTGTATGCA,Locus_COI_Rev,noprimer_,5243
7_NNTGTCACAC,Locus_COI_Fwd,noprimer_,97052
7_NNTGTCACAC,Locus_COI_Rev,noprimer_,23865
7_NNTGTCAGTA,Locus_COI_Fwd,noprimer_,28310
7_NNTGTCAGTA,Locus_COI_Rev,noprimer_,7919
8_NNNNACGACGAC,all_loci,demultiplexing,888
8_NNNNACACACAC,all_loci,demultiplexing,60910
8_NNTGCTCGAT,all_loci,demultiplexing,32275
8_NNNACACTAGC,all_loci,demultiplexing,68371
8_NNNACACAGCA,all_loci,demultiplexing,65747
8_NNNNTCGTGCTC,all_loci,demultiplexing,100258
8_NNTCATACGT,all_loci,demultiplexing,78818
8_NNAGCGCTCG,all_loci,demultiplexing,20332
8_NNNGTACGCTG,all_loci,demultiplexing,41068
8_NNNNTGCTGCAC,all_loci,demultiplexing,71559
8_NNNNGCGACGTG,all_loci,demultiplexing,47247
8_NNACACGCGA,all_loci,demultiplexing,88290
8_NNNGTGCGACG,all_loci,demultiplexing,42802
8_NNNAGCGAGTC,all_loci,demultiplexing,30973
8_NNNNATGTCTGC,all_loci,demultiplexing,44849
8_NNTGCTCAGA,all_loci,demultiplexing,45367
8_NNATGTCGAG,all_loci,demultiplexing,50707
8_NNNGTGCAGAC,all_loci,demultiplexing,60303
8_NNNNACACTCTG,all_loci,demultiplexing,67636
8_NNNNACACATGT,all_loci,demultiplexing,71329
8_NNTAGCAGTG,all_loci,demultiplexing,46396
8_NNNACACTGAT,all_loci,demultiplexing,91836
8_NNNACACGACG,all_loci,demultiplexing,53814
8_NNNNGCGAGTAG,all_loci,demultiplexing,51463
8_NNAGCTAGCA,all_loci,demultiplexing,118606
8_NNNNTCATATAC,all_loci,demultiplexing,11674
8_NNTCAGTATA,all_loci,demultiplexing,71608
8_NNNACAGCGTC,all_loci,demultiplexing,31510
8_NNNGCGTCAGA,all_loci,demultiplexing,34264
8_NNNNGACACTGA,all_loci,demultiplexing,17662
8_NNAGCTGACG,all_loci,demultiplexing,13797
8_NNGACACACG,all_loci,demultiplexing,9957
8_NNNAGATCTCT,all_loci,demultiplexing,31099
8_NNNNTCAGTCAC,all_loci,demultiplexing,32877
8_NNNNAGCTATAG,all_loci,demultiplexing,22845
8_NNTGTACTAT,all_loci,demultiplexing,37688
8_NNNACAGCTAT,all_loci,demultiplexing,19801
8_NNNACAGACTA,all_loci,demultiplexing,25646
8_NNNNGACAGAGC,all_loci,demultiplexing,117648
8_NNTGTAGCTA,all_loci,demultiplexing,21296
8_NNACAGAGAG,all_loci,demultiplexing,41802
8_NNNTCATCTGA,all_loci,demultiplexing,31376
8_NNNNGACAGTCT,all_loci,demultiplexing,18501
8_NNNNGACACGAC,all_loci,demultiplexing,49813
8_NNTGTAGACT,all_loci,demultiplexing,52801
8_NNNGTGTAGCA,all_loci,demultiplexing,17831
8_NNNTGTACAGC,all_loci,demultiplexing,103361
8_NNNNGACAGCAG,all_loci,demultiplexing,51596
8_NNGCGCGCGC,all_loci,demultiplexing,32524
8_NNNNGTACTAGT,all_loci,demultiplexing,32491
8_NNTAGCGATA,all_loci,demultiplexing,23309
8_NNNGACGAGCA,all_loci,demultiplexing,37855
8_NNNGACATATA,all_loci,demultiplexing,24033
8_NNNNAGTACGCT,all_loci,demultiplexing,35351
8_NNGCGTACAC,all_loci,demultiplexing,35600
8_NNACAGTCGT,all_loci,demultiplexing,50283
8_NNNGACGACAC,all_loci,demultiplexing,40938
8_NNNNACATCAGT,all_loci,demultiplexing,35538
8_NNNNGACATCGT,all_loci,demultiplexing,22828
8_NNTGTATGCA,all_loci,demultiplexing,33679
8_NNNGTGTGAGC,all_loci,demultiplexing,24505
8_NNNGTGCACTA,all_loci,demultiplexing,9260
8_NNNNTCGACTCT,all_loci,demultiplexing,33231
8_NNTGTCAGTA,all_loci,demultiplexing,51890
8_NNATCGCAGT,all_loci,demultiplexing,29785
8_NNNGTGTCGTC,all_loci,demultiplexing,83929
8_NNNNTGTCATGT,all_loci,demultiplexing,34533
8_NNNNGTGTCACT,all_loci,demultiplexing,69246
8_NNTGTCACAC,all_loci,demultiplexing,46967
8_NNNGACGCATC,all_loci,demultiplexing,45034
8_NNNNGCGTATGT,all_loci,demultiplexing,94166
8_NNTCAGCTCG,all_loci,demultiplexing,133632
8_NNNGACTACGA,all_loci,demultiplexing,95532
8_NNNACGACACG,all_loci,demultiplexing,60581
8_NNNNACATGTGC,all_loci,demultiplexing,53227
8_NNAGTCATCG,all_loci,demultiplexing,271547
8_NNGACGCTAG,all_loci,demultiplexing,29426
8_NNNTGCTATCT,all_loci,demultiplexing,42207
8_NNNNTACAGTAC,all_loci,demultiplexing,85673
8_NNNNACATGATA,all_loci,demultiplexing,37110
8_NNAGTCACGA,all_loci,demultiplexing,139102
8_NNNACGACTGA,all_loci,demultiplexing,114649
8_NNACACGCGA,Locus_COI_Fwd,noprimer_,59063
8_NNACACGCGA,Locus_COI_Rev,noprimer_,28533
8_NNACAGAGAG,Locus_COI_Fwd,noprimer_,28727
8_NNACAGAGAG,Locus_COI_Rev,noprimer_,12668
8_NNACAGTCGT,Locus_COI_Fwd,noprimer_,33189
8_NNACAGTCGT,Locus_COI_Rev,noprimer_,16318
8_NNAGCGCTCG,Locus_COI_Fwd,noprimer_,12443
8_NNAGCGCTCG,Locus_COI_Rev,noprimer_,7741
8_NNAGCTAGCA,Locus_COI_Fwd,noprimer_,78414
8_NNAGCTAGCA,Locus_COI_Rev,noprimer_,39450
8_NNAGCTGACG,Locus_COI_Fwd,noprimer_,8459
8_NNAGCTGACG,Locus_COI_Rev,noprimer_,5178
8_NNAGTCACGA,Locus_COI_Fwd,noprimer_,95530
8_NNAGTCACGA,Locus_COI_Rev,noprimer_,41398
8_NNAGTCATCG,Locus_COI_Fwd,noprimer_,178033
8_NNAGTCATCG,Locus_COI_Rev,noprimer_,90423
8_NNATCGCAGT,Locus_COI_Fwd,noprimer_,17931
8_NNATCGCAGT,Locus_COI_Rev,noprimer_,11386
8_NNATGTCGAG,Locus_COI_Fwd,noprimer_,32366
8_NNATGTCGAG,Locus_COI_Rev,noprimer_,17799
8_NNGACACACG,Locus_COI_Fwd,noprimer_,6137
8_NNGACACACG,Locus_COI_Rev,noprimer_,3733
8_NNGACGCTAG,Locus_COI_Fwd,noprimer_,18449
8_NNGACGCTAG,Locus_COI_Rev,noprimer_,10731
8_NNGCGCGCGC,Locus_COI_Fwd,noprimer_,20260
8_NNGCGCGCGC,Locus_COI_Rev,noprimer_,11979
8_NNGCGTACAC,Locus_COI_Fwd,noprimer_,24716
8_NNGCGTACAC,Locus_COI_Rev,noprimer_,10463
8_NNNACACAGCA,Locus_COI_Fwd,noprimer_,41481
8_NNNACACAGCA,Locus_COI_Rev,noprimer_,23762
8_NNNACACGACG,Locus_COI_Fwd,noprimer_,33436
8_NNNACACGACG,Locus_COI_Rev,noprimer_,19957
8_NNNACACTAGC,Locus_COI_Fwd,noprimer_,43411
8_NNNACACTAGC,Locus_COI_Rev,noprimer_,24366
8_NNNACACTGAT,Locus_COI_Fwd,noprimer_,58589
8_NNNACACTGAT,Locus_COI_Rev,noprimer_,32520
8_NNNACAGACTA,Locus_COI_Fwd,noprimer_,18767
8_NNNACAGACTA,Locus_COI_Rev,noprimer_,6688
8_NNNACAGCGTC,Locus_COI_Fwd,noprimer_,20210
8_NNNACAGCGTC,Locus_COI_Rev,noprimer_,10885
8_NNNACAGCTAT,Locus_COI_Fwd,noprimer_,11846
8_NNNACAGCTAT,Locus_COI_Rev,noprimer_,7787
8_NNNACGACACG,Locus_COI_Fwd,noprimer_,39505
8_NNNACGACACG,Locus_COI_Rev,noprimer_,20348
8_NNNACGACTGA,Locus_COI_Fwd,noprimer_,80158
8_NNNACGACTGA,Locus_COI_Rev,noprimer_,33061
8_NNNAGATCTCT,Locus_COI_Fwd,noprimer_,20399
8_NNNAGATCTCT,Locus_COI_Rev,noprimer_,10448
8_NNNAGCGAGTC,Locus_COI_Fwd,noprimer_,22452
8_NNNAGCGAGTC,Locus_COI_Rev,noprimer_,8309
8_NNNGACATATA,Locus_COI_Fwd,noprimer_,18449
8_NNNGACATATA,Locus_COI_Rev,noprimer_,5372
8_NNNGACGACAC,Locus_COI_Fwd,noprimer_,29081
8_NNNGACGACAC,Locus_COI_Rev,noprimer_,11451
8_NNNGACGAGCA,Locus_COI_Fwd,noprimer_,25853
8_NNNGACGAGCA,Locus_COI_Rev,noprimer_,11758
8_NNNGACGCATC,Locus_COI_Fwd,noprimer_,31071
8_NNNGACGCATC,Locus_COI_Rev,noprimer_,13238
8_NNNGACTACGA,Locus_COI_Fwd,noprimer_,66853
8_NNNGACTACGA,Locus_COI_Rev,noprimer_,27469
8_NNNGCGTCAGA,Locus_COI_Fwd,noprimer_,24069
8_NNNGCGTCAGA,Locus_COI_Rev,noprimer_,9940
8_NNNGTACGCTG,Locus_COI_Fwd,noprimer_,24460
8_NNNGTACGCTG,Locus_COI_Rev,noprimer_,16300
8_NNNGTGCACTA,Locus_COI_Fwd,noprimer_,6333
8_NNNGTGCACTA,Locus_COI_Rev,noprimer_,2834
8_NNNGTGCAGAC,Locus_COI_Fwd,noprimer_,42065
8_NNNGTGCAGAC,Locus_COI_Rev,noprimer_,17609
8_NNNGTGCGACG,Locus_COI_Fwd,noprimer_,26494
8_NNNGTGCGACG,Locus_COI_Rev,noprimer_,15822
8_NNNGTGTAGCA,Locus_COI_Fwd,noprimer_,12157
8_NNNGTGTAGCA,Locus_COI_Rev,noprimer_,5521
8_NNNGTGTCGTC,Locus_COI_Fwd,noprimer_,55382
8_NNNGTGTCGTC,Locus_COI_Rev,noprimer_,26583
8_NNNGTGTGAGC,Locus_COI_Fwd,noprimer_,15697
8_NNNGTGTGAGC,Locus_COI_Rev,noprimer_,8426
8_NNNNACACACAC,Locus_COI_Fwd,noprimer_,41846
8_NNNNACACACAC,Locus_COI_Rev,noprimer_,18548
8_NNNNACACATGT,Locus_COI_Fwd,noprimer_,47431
8_NNNNACACATGT,Locus_COI_Rev,noprimer_,23363
8_NNNNACACTCTG,Locus_COI_Fwd,noprimer_,43435
8_NNNNACACTCTG,Locus_COI_Rev,noprimer_,23457
8_NNNNACATCAGT,Locus_COI_Fwd,noprimer_,23061
8_NNNNACATCAGT,Locus_COI_Rev,noprimer_,12227
8_NNNNACATGATA,Locus_COI_Fwd,noprimer_,28885
8_NNNNACATGATA,Locus_COI_Rev,noprimer_,7821
8_NNNNACATGTGC,Locus_COI_Fwd,noprimer_,35395
8_NNNNACATGTGC,Locus_COI_Rev,noprimer_,17222
8_NNNNACGACGAC,Locus_COI_Fwd,noprimer_,567
8_NNNNACGACGAC,Locus_COI_Rev,noprimer_,303
8_NNNNAGCTATAG,Locus_COI_Fwd,noprimer_,15763
8_NNNNAGCTATAG,Locus_COI_Rev,noprimer_,6960
8_NNNNAGTACGCT,Locus_COI_Fwd,noprimer_,21135
8_NNNNAGTACGCT,Locus_COI_Rev,noprimer_,13830
8_NNNNATGTCTGC,Locus_COI_Fwd,noprimer_,27610
8_NNNNATGTCTGC,Locus_COI_Rev,noprimer_,16401
8_NNNNGACACGAC,Locus_COI_Fwd,noprimer_,31988
8_NNNNGACACGAC,Locus_COI_Rev,noprimer_,17265
8_NNNNGACACTGA,Locus_COI_Fwd,noprimer_,11814
8_NNNNGACACTGA,Locus_COI_Rev,noprimer_,5666
8_NNNNGACAGAGC,Locus_COI_Fwd,noprimer_,76547
8_NNNNGACAGAGC,Locus_COI_Rev,noprimer_,39799
8_NNNNGACAGCAG,Locus_COI_Fwd,noprimer_,30792
8_NNNNGACAGCAG,Locus_COI_Rev,noprimer_,20149
8_NNNNGACAGTCT,Locus_COI_Fwd,noprimer_,11844
8_NNNNGACAGTCT,Locus_COI_Rev,noprimer_,6470
8_NNNNGACATCGT,Locus_COI_Fwd,noprimer_,14835
8_NNNNGACATCGT,Locus_COI_Rev,noprimer_,7804
8_NNNNGCGACGTG,Locus_COI_Fwd,noprimer_,27619
8_NNNNGCGACGTG,Locus_COI_Rev,noprimer_,17219
8_NNNNGCGAGTAG,Locus_COI_Fwd,noprimer_,34358
8_NNNNGCGAGTAG,Locus_COI_Rev,noprimer_,16687
8_NNNNGCGTATGT,Locus_COI_Fwd,noprimer_,65096
8_NNNNGCGTATGT,Locus_COI_Rev,noprimer_,26320
8_NNNNGTACTAGT,Locus_COI_Fwd,noprimer_,20726
8_NNNNGTACTAGT,Locus_COI_Rev,noprimer_,11560
8_NNNNGTGTCACT,Locus_COI_Fwd,noprimer_,44080
8_NNNNGTGTCACT,Locus_COI_Rev,noprimer_,24042
8_NNNNTACAGTAC,Locus_COI_Fwd,noprimer_,61420
8_NNNNTACAGTAC,Locus_COI_Rev,noprimer_,22923
8_NNNNTCAGTCAC,Locus_COI_Fwd,noprimer_,22524
8_NNNNTCAGTCAC,Locus_COI_Rev,noprimer_,9846
8_NNNNTCATATAC,Locus_COI_Fwd,noprimer_,8782
8_NNNNTCATATAC,Locus_COI_Rev,noprimer_,2808
8_NNNNTCGACTCT,Locus_COI_Fwd,noprimer_,21159
8_NNNNTCGACTCT,Locus_COI_Rev,noprimer_,11683
8_NNNNTCGTGCTC,Locus_COI_Fwd,noprimer_,67507
8_NNNNTCGTGCTC,Locus_COI_Rev,noprimer_,31871
8_NNNNTGCTGCAC,Locus_COI_Fwd,noprimer_,46108
8_NNNNTGCTGCAC,Locus_COI_Rev,noprimer_,24628
8_NNNNTGTCATGT,Locus_COI_Fwd,noprimer_,22032
8_NNNNTGTCATGT,Locus_COI_Rev,noprimer_,11916
8_NNNTCATCTGA,Locus_COI_Fwd,noprimer_,21104
8_NNNTCATCTGA,Locus_COI_Rev,noprimer_,9954
8_NNNTGCTATCT,Locus_COI_Fwd,noprimer_,29305
8_NNNTGCTATCT,Locus_COI_Rev,noprimer_,12453
8_NNNTGTACAGC,Locus_COI_Fwd,noprimer_,62696
8_NNNTGTACAGC,Locus_COI_Rev,noprimer_,39643
8_NNTAGCAGTG,Locus_COI_Fwd,noprimer_,26772
8_NNTAGCAGTG,Locus_COI_Rev,noprimer_,17230
8_NNTAGCGATA,Locus_COI_Fwd,noprimer_,17268
8_NNTAGCGATA,Locus_COI_Rev,noprimer_,5875
8_NNTCAGCTCG,Locus_COI_Fwd,noprimer_,82311
8_NNTCAGCTCG,Locus_COI_Rev,noprimer_,49123
8_NNTCAGTATA,Locus_COI_Fwd,noprimer_,54695
8_NNTCAGTATA,Locus_COI_Rev,noprimer_,16462
8_NNTCATACGT,Locus_COI_Fwd,noprimer_,52319
8_NNTCATACGT,Locus_COI_Rev,noprimer_,26056
8_NNTGCTCAGA,Locus_COI_Fwd,noprimer_,31408
8_NNTGCTCAGA,Locus_COI_Rev,noprimer_,13690
8_NNTGCTCGAT,Locus_COI_Fwd,noprimer_,21198
8_NNTGCTCGAT,Locus_COI_Rev,noprimer_,10844
8_NNTGTACTAT,Locus_COI_Fwd,noprimer_,25887
8_NNTGTACTAT,Locus_COI_Rev,noprimer_,11537
8_NNTGTAGACT,Locus_COI_Fwd,noprimer_,34652
8_NNTGTAGACT,Locus_COI_Rev,noprimer_,17575
8_NNTGTAGCTA,Locus_COI_Fwd,noprimer_,13960
8_NNTGTAGCTA,Locus_COI_Rev,noprimer_,7179
8_NNTGTATGCA,Locus_COI_Fwd,noprimer_,24115
8_NNTGTATGCA,Locus_COI_Rev,noprimer_,9056
8_NNTGTCACAC,Locus_COI_Fwd,noprimer_,31917
8_NNTGTCACAC,Locus_COI_Rev,noprimer_,14270
8_NNTGTCAGTA,Locus_COI_Fwd,noprimer_,36167
8_NNTGTCAGTA,Locus_COI_Rev,noprimer_,15271
