Sample,locus,reads.outF,reads.outR,derepF,derepR,dadaF,dadaR,mergedF,mergedR,joined,nochim
RM121_rep2,COI,56599,31803,56599,31803,55348,30692,53817,29872,83689,83334
BT11_785_rep1,COI,17426,8434,17426,8434,16883,8071,16078,7649,23727,23660
DR10_473_rep1,COI,16986,8700,16986,8700,16685,8463,16446,8326,24772,24772
NR59_1_rep1,COI,7496,5018,7496,5018,7204,4743,7120,4682,11802,11802
BT6_596_rep3,COI,14242,7864,14242,7864,13700,7446,12905,6992,19897,19512
BT6_598_rep3,COI,11374,7155,11374,7155,11000,6746,10252,6415,16667,16420
DR14_652_rep3,COI,13304,7408,13304,7408,11569,6103,9411,4912,14323,13752
DR7_241_rep2,COI,23626,13204,23626,13204,18379,12933,18044,12682,30726,30716
DR4_39_rep3,COI,76611,48760,76611,48760,57009,47513,55651,45648,101299,99821
DR7_249_rep3,COI,35128,14601,35128,14601,34773,14401,34740,14326,49066,48970
DR14_650_rep1,COI,18212,12021,18212,12021,15869,10317,13986,8857,22843,21333
BT6_594_rep1,COI,13966,8044,13966,8044,13335,7552,12976,7110,20086,19725
BT6_599_rep1,COI,9191,6023,9191,6023,8539,5479,7874,5147,13021,12899
DR4_40_rep1,COI,6660,4334,6660,4334,4686,4189,4604,4103,8707,8707
DR7_253_rep1,COI,6547,4348,6547,4348,6293,4172,6148,4120,10268,10268
DR10_464_rep3,COI,10585,6603,10585,6603,8599,5183,5473,3124,8597,8229
DR10_472_rep3,COI,9394,4326,9394,4326,8855,3980,8068,3617,11685,11573
NR52T_rep1,COI,405,202,405,202,345,170,342,170,512,512
BT6_596_rep1,COI,7279,4651,7279,4651,6912,4378,6447,4163,10610,10538
NR51T_rep3,COI,35811,23031,35811,23031,34463,21922,33453,21342,54795,54567
BT6_595_rep3,COI,27069,17178,27069,17178,26268,16290,24863,15216,40079,39053
BT10_763_rep1,COI,15114,6960,15114,6960,14416,6162,13341,5571,18912,18334
BT6_597_rep3,COI,17570,10193,17570,10193,16874,9691,16232,9182,25414,25071
BT6_600_rep3,COI,8856,6345,8856,6345,8416,5981,7952,5579,13531,13297
DR7_249_rep1,COI,17130,11166,17130,11166,16054,11081,16030,11057,27087,27052
DR4_39_rep1,COI,17407,10286,17407,10286,12903,9920,12484,9755,22239,21987
DR7_241_rep3,COI,28124,14200,28124,14200,20871,13803,20298,13387,33685,33655
BT6_599_rep2,COI,14375,8961,14375,8961,13839,8629,13254,8399,21653,21415
RM122_rep1,COI,17539,7199,17539,7199,14838,6957,14740,6909,21649,21633
Pos_ctrl+_rep1,COI,28250,15715,28250,15715,27925,15505,27641,15285,42926,42782
DR10_472_rep1,COI,17209,5710,17209,5710,16422,5286,15291,4871,20162,19926
DR10_473_rep2,COI,8607,3913,8607,3913,8418,3801,8343,3765,12108,12108
DR10_465_rep3,COI,31108,19933,31108,19933,25887,15731,18087,11167,29254,28200
DR14_651_rep3,COI,33128,17994,33128,17994,29808,15576,25731,13155,38886,36596
DR7_253_rep2,COI,28577,19665,28577,19665,23772,19314,23507,18815,42322,42322
DR14_655_rep1,COI,26614,14981,26614,14981,22887,12023,18791,9185,27976,27359
BT6_598_rep1,COI,24453,12370,24453,12370,23654,11817,22404,11292,33696,33271
NR59_1_rep2,COI,5941,4175,5941,4175,5544,3927,5358,3845,9203,9203
DR10_475_rep1,COI,7332,3679,7332,3679,6951,3393,6389,3091,9480,9092
BT6_594_rep2,COI,8663,4146,8663,4146,8111,3687,7498,3510,11008,10875
RM121_rep3,COI,6997,4778,6997,4778,6721,4585,6582,4521,11103,11091
DR10_457_rep3,COI,9797,4999,9797,4999,8511,4070,6672,3000,9672,9220
DR14_650_rep2,COI,28015,15920,28015,15920,24236,13580,21408,11709,33117,31122
DR10_474_rep3,COI,7138,4621,7138,4621,6821,4343,6671,4242,10913,10813
NR51T_rep1,COI,38198,19313,38198,19313,36909,18388,35607,17952,53559,53273
BT6_595_rep1,COI,17287,9526,17287,9526,16884,9266,16389,8870,25259,24822
BT6_594_rep3,COI,23857,14447,23857,14447,22935,13692,22139,12696,34835,34216
DR14_652_rep2,COI,37716,20060,37716,20060,33749,16893,28246,13560,41806,39822
DR10_473_rep3,COI,15174,9047,15174,9047,14913,8800,14747,8706,23453,23446
DR7_241_rep1,COI,20321,7903,20321,7903,15064,7521,14641,7427,22068,22067
DR4_39_rep2,COI,26959,17398,26959,17398,20942,17064,20573,16830,37403,37301
BT6_600_rep1,COI,11426,5868,11426,5868,10718,5374,10081,4822,14903,14578
DR10_472_rep2,COI,17305,12262,17305,12262,16536,11605,15680,10667,26347,25647
RM122_rep2,COI,51469,34180,51469,34180,44873,32916,44113,32498,76611,75431
DR10_457_rep1,COI,18854,10976,18854,10976,15798,8867,11099,5949,17048,16152
BT6_598_rep2,COI,4455,2287,4455,2287,4257,2165,4039,2059,6098,6069
BT10_763_rep2,COI,7803,4623,7803,4623,7395,4312,6641,3941,10582,10541
DR10_464_rep2,COI,4796,3053,4796,3053,4079,2549,3333,2027,5360,5121
BT11_785_rep3,COI,9843,6143,9843,6143,9235,5699,8726,5508,14234,14220
DR10_474_rep1,COI,10195,5771,10195,5771,9799,5485,9456,5264,14720,14669
RM121_rep1,COI,10040,7975,10040,7975,9747,7675,9637,7614,17251,17251
BT6_596_rep2,COI,9524,4947,9524,4947,9110,4704,8789,4496,13285,13245
DR14_653_rep1,COI,32398,18248,32398,18248,27023,14230,22480,11182,33662,33054
DR10_465_rep1,COI,32369,21558,32369,21558,28623,18297,24647,14870,39517,38212
DR14_651_rep1,COI,25159,15282,25159,15282,22482,13075,20133,11456,31589,30912
DR4_40_rep3,COI,10871,5661,10871,5661,8044,5488,7958,5435,13393,13393
BT6_599_rep3,COI,29835,16672,29835,16672,28700,15756,26840,15013,41853,40533
BT6_597_rep1,COI,25792,9834,25792,9834,24656,9113,23347,8688,32035,31346
DR10_475_rep2,COI,25471,15020,25471,15020,24719,14318,23521,13701,37222,35191
NR52T_rep2,COI,83108,42660,83108,42660,79148,41928,77549,41039,118588,118019
NR59_1_rep3,COI,26211,16809,26211,16809,24634,15425,23320,14733,38053,38052
DR14_650_rep3,COI,31420,17577,31420,17577,28442,15365,25842,13192,39034,36974
DR7_249_rep2,COI,28045,13585,28045,13585,26505,13485,26460,13468,39928,39843
DR7_253_rep3,COI,6778,3546,6778,3546,5518,3458,5473,3434,8907,8907
BT11_785_rep2,COI,17548,9465,17548,9465,17106,9181,16504,8753,25257,25211
DR4_40_rep2,COI,12458,6862,12458,6862,9449,6631,9252,6546,15798,15798
DR10_464_rep1,COI,47765,34858,47765,34858,41064,29741,31524,21134,52658,49052
DR14_652_rep1,COI,40372,21512,40372,21512,36789,18751,30532,15071,45603,42474
BT6_595_rep2,COI,14052,9587,14052,9587,13686,9315,13221,8954,22175,21780
DR10_465_rep2,COI,13473,4969,13473,4969,11990,4060,10673,3337,14010,13619
DR14_654_rep1,COI,24813,17076,24813,17076,22266,14918,19081,12729,31810,31238
BT6_597_rep2,COI,25262,9042,25262,9042,24433,8601,23335,8107,31442,30707
NR52T_rep3,COI,47899,25393,47899,25393,46134,24885,45154,24333,69487,69071
RM122_rep3,COI,30448,14790,30448,14790,26991,14130,26589,13903,40492,40141
NR51T_rep2,COI,22192,12418,22192,12418,21388,11862,20990,11742,32732,32689
BT6_600_rep2,COI,19685,10130,19685,10130,19216,9774,18660,9330,27990,27510
DR10_457_rep2,COI,21798,11354,21798,11354,19947,9917,17529,8084,25613,24405
BT10_763_rep3,COI,28587,17807,28587,17807,27550,16582,25927,15567,41494,40131
DR10_474_rep2,COI,22071,9581,22071,9581,21445,9183,20564,8825,29389,28566
DR14_651_rep2,COI,71600,36626,71600,36626,65596,31528,57840,26990,84830,82128
DR10_475_rep3,COI,39453,18947,39453,18947,38412,18200,36544,17300,53844,50745
SEB06_rep1,COI,12811,9718,12811,9718,12240,9256,11892,8886,20778,20548
Pos_ctrl+_rep4,COI,19706,13549,19706,13549,19252,13219,19038,13117,32155,32152
IR04_rep3,COI,9093,5046,9093,5046,7894,4273,5901,3084,8985,8904
CRO02_rep2,COI,51211,30671,51211,30671,46795,28121,42951,26389,69340,69106
IR06_rep3,COI,58894,33282,58894,33282,53354,30449,48995,27611,76606,75465
CRO03_rep3,COI,32790,12144,32790,12144,29593,10206,25949,8834,34783,34586
IR02_rep1,COI,14171,9550,14171,9550,12141,8441,9702,6845,16547,16224
IR07_rep1,COI,4894,3032,4894,3032,4192,2255,3740,1859,5599,5471
CRO04_rep1,COI,6093,3254,6093,3254,5542,2873,5271,2753,8024,8019
SEB05_rep3,COI,12187,6175,12187,6175,11405,5616,10940,5322,16262,16144
CRO03_rep1,COI,14477,9073,14477,9073,12798,7780,11889,7204,19093,19084
IR06_rep1,COI,63363,35396,63363,35396,57437,32560,52397,29536,81933,80867
CRO02_rep3,COI,18998,10583,18998,10583,17640,9635,16112,8772,24884,24017
Pos_ctrl+_rep3,COI,14627,7785,14627,7785,14582,7757,14454,7751,22205,22205
SEB05_rep1,COI,18503,7491,18503,7491,17123,6539,16276,6227,22503,22070
SEB06_rep2,COI,20729,11075,20729,11075,19374,9848,18008,8777,26785,26262
SEB03_rep3,COI,19230,11841,19230,11841,16528,10795,15691,10283,25974,25879
IR03_rep3,COI,24091,14498,24091,14498,21784,12803,20229,11370,31599,29504
CRO04_rep2,COI,32965,19059,32965,19059,31212,17455,29770,16691,46461,46383
IR05_rep3,COI,11360,5585,11360,5585,10371,5156,9957,4827,14784,14760
SEB08_rep1,COI,5875,3455,5875,3455,5160,2898,4889,2418,7307,7307
IR02_rep2,COI,35407,18633,35407,18633,31614,17127,26055,14177,40232,39588
SEB07_rep3,COI,7417,5934,7417,5934,6984,5584,6815,5505,12320,12298
IR04_rep2,COI,22675,11741,22675,11741,20765,10143,16513,7616,24129,23853
SEB06_rep3,COI,18595,12134,18595,12134,17544,11208,16446,10261,26707,26531
CRO02_rep1,COI,21131,7309,21131,7309,19477,6499,18696,6204,24900,24836
IR06_rep2,COI,30149,18649,30149,18649,27529,16348,25063,14796,39859,39547
SEB05_rep2,COI,11943,9767,11943,9767,11224,9062,10561,8473,19034,18862
SEB07_rep1,COI,3158,2189,3158,2189,2687,1860,2582,1800,4382,4382
IR05_rep1,COI,25044,11945,25044,11945,21831,11213,21114,10749,31863,31749
SEB03_rep1,COI,10031,7083,10031,7083,8982,6261,8377,5860,14237,14173
IR03_rep1,COI,42958,29551,42958,29551,40071,26996,36897,24527,61424,58501
IR07_rep3,COI,7213,3576,7213,3576,5687,2368,4947,2036,6983,6790
SEB08_rep2,COI,11022,7380,11022,7380,10173,6749,9523,6299,15822,15819
IR02_rep3,COI,32129,18443,32129,18443,27858,17375,25278,15677,40955,40515
CRO03_rep2,COI,23027,10667,23027,10667,20744,9055,18967,8154,27121,27071
CRO04_rep3,COI,16142,7255,16142,7255,15016,6465,14409,6120,20529,20527
IR07_rep2,COI,10771,6360,10771,6360,9838,5701,8854,5066,13920,13490
IR04_rep1,COI,27561,14810,27561,14810,25908,13470,21757,10825,32582,32181
SEB03_rep2,COI,24144,10034,24144,10034,21662,8951,20218,8613,28831,28775
IR05_rep2,COI,23070,15405,23070,15405,21212,14718,20226,13872,34098,34068
SEB07_rep2,COI,24729,11865,24729,11865,23340,10817,22276,10210,32486,32320
IR03_rep2,COI,44304,24162,44304,24162,41056,21120,36775,17757,54532,50813
SEB08_rep3,COI,30038,17988,30038,17988,28749,16929,27663,16161,43824,43547
TAR03_rep2,COI,51106,38229,51106,38229,48256,35186,43957,32700,76657,76495
BLA07_rep1,COI,18769,12933,18769,12933,15927,12002,15406,11472,26878,26575
NAPO05_rep1,COI,37530,26412,37530,26412,36601,25576,35845,25001,60846,60826
CRO09_rep1,COI,11586,10068,11586,10068,10207,8882,9713,8365,18078,17775
TAR08_rep3,COI,22795,17600,22795,17600,20367,15453,18609,14057,32666,32534
BLA02_rep3,COI,13535,11182,13535,11182,12378,10157,11902,9587,21489,21088
Etan04_rep3,COI,17027,13584,17027,13584,16514,13117,16071,12485,28556,28473
PON06_rep2,COI,5640,4105,5640,4105,5545,3959,5420,3878,9298,9260
Etan09_rep3,COI,35349,29170,35349,29170,31405,26511,29304,24888,54192,52282
PG02_rep3,COI,27767,17722,27767,17722,26208,16548,25351,15643,40994,40952
NAPO10_rep1,COI,15336,12727,15336,12727,14512,11805,13476,11134,24610,24534
TAR06_rep1,COI,20236,15781,20236,15781,19468,14993,18371,14194,32565,31266
BLA03_rep1,COI,11380,9945,11380,9945,9379,9418,9155,9064,18219,18199
PON01_rep1,COI,4609,3692,4609,3692,4293,3428,4133,3140,7273,7271
PG04_rep1,COI,981,849,981,849,888,748,888,714,1602,1602
SA01_rep3,COI,5430,4157,5430,4157,4391,3151,4129,2920,7049,7049
NAPO03_rep3,COI,13499,8906,13499,8906,12711,8250,12394,7989,20383,20374
CRO07_rep1,COI,13256,11326,13256,11326,12136,10174,11448,9489,20937,20907
TAR08_rep1,COI,23,23,NA,NA,NA,NA,NA,NA,NA,NA
CRO06_rep3,COI,18731,15414,18731,15414,17514,14288,16778,13719,30497,30496
TAR07_rep3,COI,30369,27197,30369,27197,27482,25829,25736,24273,50009,49760
BLA06_rep1,COI,17372,10922,17372,10922,16109,9790,15233,9038,24271,24221
TAR09_rep3,COI,15439,11707,15439,11707,13846,10348,12955,9375,22330,22310
BLA04_rep3,COI,13822,11832,13822,11832,12667,10772,11501,9758,21259,21254
PG02_rep1,COI,14073,11492,14073,11492,13119,10714,12676,10325,23001,22999
Etan09_rep1,COI,17943,14683,17943,14683,15520,13669,15016,13220,28236,27843
PON06_rep3,COI,1786,1264,1786,1264,1715,1201,1615,1151,2766,2762
BLA03_rep2,COI,21587,17410,21587,17410,18520,16725,18243,16381,34624,34610
TAR05_rep1,COI,21508,13903,21508,13903,19213,11919,18038,10901,28939,28855
NAPO03_rep1,COI,18559,9703,18559,9703,17702,9098,17378,8827,26205,26045
NAPO05_rep2,COI,9120,6203,9120,6203,8633,5779,8502,5586,14088,14080
NAPO02_rep3,COI,19914,15190,19914,15190,17769,13184,16036,11815,27851,27752
Etan03_rep3,COI,30576,22633,30576,22633,29700,21876,28918,21018,49936,49678
PG04_rep2,COI,21675,18262,21675,18262,19442,17296,18881,16710,35591,35576
Etan07_rep3,COI,16011,12159,16011,12159,15670,11820,15050,11302,26352,26084
BLA02_rep1,COI,20294,13909,20294,13909,18766,11260,17597,10503,28100,27718
CRO09_rep2,COI,9250,8298,9250,8298,8233,7400,7652,5757,13409,13351
NAPO08_rep1,COI,10856,7685,10856,7685,9755,6708,9291,6236,15527,15523
TAR06_rep2,COI,12948,8798,12948,8798,12219,8209,11367,7272,18639,17966
TAR03_rep3,COI,5577,4703,5577,4703,4293,3423,3867,2996,6863,6863
BLA08_rep3,COI,13316,9567,13316,9567,12064,8524,11352,7876,19228,18993
NAPO10_rep2,COI,40110,29299,40110,29299,38932,27829,36409,26352,62761,62479
NAPO07_rep3,COI,100126,80900,100126,80900,98160,78888,95588,76711,172299,170682
CRO06_rep1,COI,18286,13129,18286,13129,17168,12165,16464,11566,28030,28030
TAR07_rep1,COI,18858,15508,18858,15508,17316,14710,16278,13921,30199,30142
TAR06_rep3,COI,18738,14525,18738,14525,18037,13838,17443,13128,30571,29402
Etan04_rep2,COI,23850,17784,23850,17784,23157,17211,22240,16271,38511,38119
NAPO05_rep3,COI,15089,12511,15089,12511,14544,11979,14265,11704,25969,25969
PON06_rep1,COI,0,1,NA,NA,NA,NA,NA,NA,NA,NA
Etan09_rep2,COI,43496,36223,43496,36223,39222,33738,37188,32076,69264,67997
Pos_ctrl+_rep5,COI,24676,21185,24676,21185,24515,20966,24266,20813,45079,45072
BLA04_rep1,COI,19781,13492,19781,13492,18278,12210,16540,10830,27370,27321
NAPO03_rep2,COI,20021,17861,20021,17861,19064,16892,18549,16449,34998,34707
TAR05_rep2,COI,18442,15736,18442,15736,16460,13969,15418,12862,28280,28280
BLA08_rep1,COI,14147,10945,14147,10945,12736,9724,11738,8756,20494,19975
BLA02_rep2,COI,9657,7090,9657,7090,8803,6404,8482,5243,13725,13603
BLA06_rep2,COI,10734,8350,10734,8350,9843,7563,9461,7134,16595,16592
SA01_rep2,COI,1982,1775,1982,1775,1459,1357,1377,1265,2642,2642
BLA07_rep3,COI,11661,9800,11661,9800,9643,8893,9137,8491,17628,17447
NAPO07_rep1,COI,8966,6887,8966,6887,8428,6416,8162,6112,14274,14260
TAR03_rep1,COI,13269,13158,13269,13158,11409,11200,10556,10317,20873,20864
TAR08_rep2,COI,39106,29381,39106,29381,36263,26734,32841,23679,56520,56141
Etan07_rep1,COI,27920,20106,27920,20106,27512,19755,27152,19278,46430,46350
NAPO02_rep1,COI,25564,21176,25564,21176,24009,19584,22484,17343,39827,39779
Etan03_rep1,COI,45059,37607,45059,37607,44023,36576,42035,34315,76350,74218
PON01_rep3,COI,9492,6122,9492,6122,9185,5812,8935,5584,14519,14512
BLA03_rep3,COI,21857,15674,21857,15674,20893,14830,20443,14471,34914,34861
TAR09_rep1,COI,29274,17588,29274,17588,27152,16031,25670,14779,40449,40269
NAPO08_rep2,COI,22451,18167,22451,18167,21012,16886,20318,16149,36467,36419
CRO07_rep2,COI,39102,28969,39102,28969,37317,27414,35993,26300,62293,62123
CRO09_rep3,COI,16628,13282,16628,13282,14637,11562,11451,10555,22006,21553
NAPO10_rep3,COI,35117,28152,35117,28152,34445,27337,32600,26412,59012,58952
PG02_rep2,COI,30222,21903,30222,21903,27394,20559,25932,19328,45260,45250
PG04_rep3,COI,8142,5893,8142,5893,7620,5507,7457,5323,12780,12780
BLA07_rep2,COI,31961,23084,31961,23084,28162,22101,27575,21521,49096,48836
PON01_rep2,COI,5929,4579,5929,4579,5687,4343,5566,4212,9778,9778
SA01_rep1,COI,15868,13673,15868,13673,14026,11793,12166,11081,23247,23235
Etan04_rep1,COI,41513,31792,41513,31792,40533,31029,38908,28548,67456,64208
TAR07_rep2,COI,18468,19285,18468,19285,17536,18511,16790,17553,34343,34333
NAPO02_rep2,COI,20953,11508,20953,11508,19795,10490,18843,9810,28653,28642
Etan07_rep2,COI,27403,23040,27403,23040,26941,22563,26682,22167,48849,48681
TAR09_rep2,COI,28699,15530,28699,15530,26873,14062,25283,13092,38375,38262
CRO07_rep3,COI,52666,40368,52666,40368,51569,39376,50388,38091,88479,88214
TAR05_rep3,COI,27244,18906,27244,18906,24699,16614,22829,15233,38062,37764
CRO06_rep2,COI,31748,23895,31748,23895,30065,22237,28558,21033,49591,49566
BLA04_rep2,COI,31560,22328,31560,22328,30173,21042,28291,19565,47856,47767
BLA08_rep2,COI,25828,19478,25828,19478,24369,18162,23445,17193,40638,40240
BLA06_rep3,COI,27410,21706,27410,21706,25547,19884,23632,18055,41687,41049
NAPO07_rep2,COI,28843,17761,28843,17761,27833,16946,27133,16387,43520,43483
Etan03_rep2,COI,53588,38414,53588,38414,52517,37369,50425,35458,85883,84451
NAPO08_rep3,COI,46124,32973,46124,32973,43972,30908,42230,29279,71509,71210
PG09_rep2,COI,75322,37045,75322,37045,65273,34508,61248,32986,94234,94055
A14_rep1,COI,40418,12217,40418,12217,38678,11015,37665,10385,48050,46408
I14_rep1,COI,22946,9599,22946,9599,20624,8003,19562,7678,27240,26318
Pos_ctrl+_rep6,COI,10061,5348,10061,5348,9559,5010,9473,4991,14464,14464
PG08_rep1,COI,16964,10285,16964,10285,15346,9065,14697,8653,23350,23350
Harbours_4_rep3,COI,22206,10184,22206,10184,19325,8968,18571,8156,26727,26467
A1_rep3,COI,16663,9337,16663,9337,15021,8189,14060,7544,21604,21220
T9_rep3,COI,13330,8517,13330,8517,12224,7604,7680,5808,13488,13258
CO_2022_1_rep2,COI,23393,8498,23393,8498,22849,8217,22587,8121,30708,30401
T10_rep3,COI,24191,13641,24191,13641,21230,11529,20360,10425,30785,29952
CO_2022_2_rep3,COI,15806,4334,15806,4334,15405,4159,15272,4133,19405,19391
T7_rep1,COI,15961,10433,15961,10433,14463,8916,13361,7457,20818,20803
Harbours_2_rep1,COI,109887,48624,109887,48624,90462,46108,87589,44506,132095,131712
A2_rep1,COI,17721,9143,17721,9143,16231,8014,15519,7326,22845,22786
T22_rep1,COI,8180,5036,8180,5036,7956,4763,6329,4043,10372,9627
CO_2022_3_rep1,COI,1920,854,1920,854,1870,821,1854,808,2662,2662
I1_rep3,COI,18488,10198,18488,10198,17804,9638,17298,9246,26544,24503
I13_rep3,COI,13100,5503,13100,5503,11435,4521,10676,3908,14584,14560
PG06_rep1,COI,16441,10018,16441,10018,14757,9117,14047,8272,22319,22307
Harbours_4_rep1,COI,10114,5671,10114,5671,7918,4854,7463,4750,12213,12207
PG07_rep3,COI,25291,12714,25291,12714,22784,11484,20933,10937,31870,31834
Harbours_3_rep3,COI,29307,11979,29307,11979,22571,11272,21930,10954,32884,32791
A25_rep1,COI,13676,4400,13676,4400,12445,3753,12101,3646,15747,15698
Harbours_5_rep3,COI,12754,5517,12754,5517,10518,5044,9841,4649,14490,14470
A13_rep3,COI,13662,7362,13662,7362,12663,6630,12349,6210,18559,18435
CO_2022_2_rep1,COI,11045,5069,11045,5069,10652,4832,10498,4795,15293,15280
T10_rep1,COI,9468,5482,9468,5482,7863,4285,7232,3346,10578,10223
CO_2022_1_rep3,COI,11171,3679,11171,3679,10882,3557,10755,3521,14276,13811
A2_rep2,COI,21610,9466,21610,9466,20298,8527,19707,7678,27385,27348
Harbours_1_rep1,COI,74226,23245,74226,23245,62221,21242,59046,20219,79265,79228
I13_rep1,COI,4567,1116,4567,1116,4006,743,3856,720,4576,4571
I14_rep2,COI,13102,4933,13102,4933,11484,3805,10634,3549,14183,13906
I2_rep3,COI,15938,7596,15938,7596,13818,6179,12896,5500,18396,18227
T19_rep3,COI,9813,4385,9813,4385,8413,3270,7054,2418,9472,9470
CO_2022_3_rep2,COI,8534,3751,8534,3751,8366,3627,8292,3612,11904,11892
T21_rep3,COI,12882,6501,12882,6501,12401,6148,9387,4304,13691,12543
A1_rep1,COI,46871,17766,46871,17766,44342,15769,41873,14431,56304,55749
PG08_rep2,COI,19136,11990,19136,11990,17805,10873,17380,10379,27759,27729
I26_rep1,COI,8661,3575,8661,3575,7719,2996,7054,2636,9690,9664
Harbours_2_rep2,COI,3096,1946,3096,1946,2680,1562,2667,1551,4218,4218
PG09_rep3,COI,8004,4447,8004,4447,7080,3900,6828,3646,10474,10474
A26_rep3,COI,11432,4526,11432,4526,10526,3897,9882,3644,13526,13411
T7_rep2,COI,42560,21918,42560,21918,39179,19680,36285,17324,53609,52919
I25_rep3,COI,17868,9650,17868,9650,17202,9152,14312,7421,21733,20397
PG07_rep1,COI,34832,13957,34832,13957,29480,11766,26916,10403,37319,37278
Harbours_3_rep1,COI,24923,9989,24923,9989,18365,9347,17787,9124,26911,26901
Harbours_2_rep3,COI,18833,8303,18833,8303,13728,7678,13393,7089,20482,20438
T9_rep2,COI,15508,9449,15508,9449,13939,8251,8251,4026,12277,12095
I14_rep3,COI,12471,5679,12471,5679,11050,4423,10628,4190,14818,14799
CO_2022_1_rep1,COI,13588,3291,13588,3291,13244,3151,13045,3127,16172,16055
T10_rep2,COI,21378,11799,21378,11799,18586,9751,15790,8692,24482,23836
A13_rep1,COI,28316,10217,28316,10217,26861,9474,26330,9185,35515,35332
I13_rep2,COI,10372,6087,10372,6087,9212,4839,8593,4379,12972,12936
Harbours_1_rep2,COI,24672,12021,24672,12021,20272,11150,18278,9772,28050,28049
A26_rep1,COI,16416,7700,16416,7700,14746,6670,13526,6071,19597,18731
A1_rep2,COI,8439,3420,8439,3420,7306,2662,6803,2396,9199,9171
A25_rep2,COI,14682,7057,14682,7057,13403,6163,13109,6001,19110,19080
I1_rep2,COI,3179,1759,3179,1759,2827,1518,2750,1448,4198,4185
A14_rep3,COI,3934,1545,3934,1545,3435,1155,3220,1045,4265,3991
I25_rep1,COI,10155,5108,10155,5108,9824,4859,8044,3143,11187,10676
PG09_rep1,COI,17213,10933,17213,10933,15649,9834,14096,8431,22527,22083
Harbours_4_rep2,COI,23319,9966,23319,9966,19302,8862,18006,6883,24889,24842
T21_rep1,COI,31545,19316,31545,19316,30921,18666,16178,11176,27354,23130
I2_rep1,COI,19772,9081,19772,9081,18330,8013,17341,7419,24760,24593
T19_rep1,COI,32183,18465,32183,18465,28643,16362,17108,7165,24273,24165
T22_rep3,COI,6119,2414,6119,2414,5810,2270,4744,1834,6578,6053
A2_rep3,COI,34066,15434,34066,15434,31171,13286,29549,10808,40357,39775
Harbours_5_rep1,COI,18121,4646,18121,4646,15807,4247,15083,4059,19142,19081
I26_rep2,COI,11547,5850,11547,5850,10517,5173,9235,4617,13852,13843
PG06_rep2,COI,25929,12031,25929,12031,23157,10872,22000,10413,32413,32402
PG08_rep3,COI,21441,11816,21441,11816,19177,10236,18019,8984,27003,26998
T7_rep3,COI,35321,19564,35321,19564,30118,15988,24924,11420,36344,36033
CO_2022_2_rep2,COI,11088,3703,11088,3703,10733,3523,10566,3501,14067,14062
CO_2022_3_rep3,COI,6120,2022,6120,2022,5982,1946,5926,1937,7863,7860
A14_rep2,COI,15230,4628,15230,4628,14586,4129,14262,3958,18220,17249
T22_rep2,COI,11139,5469,11139,5469,10796,5243,8674,4298,12972,11912
I1_rep1,COI,36060,21050,36060,21050,34761,19970,32681,19113,51794,50763
T9_rep1,COI,43150,27935,43150,27935,39696,25758,29722,17995,47717,46510
Harbours_3_rep2,COI,19690,9806,19690,9806,15186,9432,14785,9193,23978,23978
I2_rep2,COI,10452,2983,10452,2983,9714,2606,9386,2213,11599,11556
T21_rep2,COI,58823,40518,58823,40518,57616,39503,45686,29186,74872,59371
Harbours_5_rep2,COI,13807,2958,13807,2958,11388,2815,11157,2769,13926,13906
PG06_rep3,COI,75021,37691,75021,37691,67189,35629,62555,32411,94966,94370
Harbours_1_rep3,COI,26973,9325,26973,9325,22720,8611,22180,8239,30419,30410
PG07_rep2,COI,17987,6744,17987,6744,17126,6150,16601,5858,22459,22451
A13_rep2,COI,42142,15592,42142,15592,40100,14184,38348,13171,51519,51192
A26_rep2,COI,18948,7442,18948,7442,17402,6066,16496,5465,21961,21751
A25_rep3,COI,32066,14723,32066,14723,29910,13095,29202,12771,41973,41858
I25_rep2,COI,28230,10811,28230,10811,27234,10280,23600,8269,31869,29093
T19_rep2,COI,23537,8908,23537,8908,22173,7729,21391,6353,27744,27716
I26_rep3,COI,48661,21394,48661,21394,43329,19664,38555,16032,54587,53825
Prob_i713_5_rep2,COI,14230,10296,14230,10296,11888,8257,8478,5612,14090,13654
Pos_ctrl+_rep9,COI,116819,95375,116819,95375,113608,93143,111053,87124,198177,196602
Prob_i713_4_rep1,COI,10024,8338,10024,8338,7737,6288,5785,4912,10697,10481
Prob_POR1231_rep3,COI,24416,17882,24416,17882,21579,15701,18952,13477,32429,31610
Phiron_i623_rep3,COI,12309,9896,12309,9896,9088,9796,9046,9754,18800,18800
Prob_i427_rep1,COI,14450,11171,14450,11171,12616,9650,10733,7801,18534,17825
Phakellia_i661_rep1,COI,4299,3482,4299,3482,3777,3081,3490,2827,6317,6314
Prob_i713_3_rep1,COI,1,0,NA,NA,NA,NA,NA,NA,NA,NA
Prob_POR1231_rep1,COI,11637,9770,11637,9770,9965,8262,8300,7110,15410,15114
Prob_i713_2_rep3,COI,26037,21680,26037,21680,21712,18015,16813,13724,30537,29704
Prob_i629_2_rep3,COI,22238,18038,22238,18038,18959,15113,15196,11704,26900,26130
Phakellia_i695_rep1,COI,14857,8713,14857,8713,10332,8205,10068,8040,18108,18107
Pventi_i822_1_rep3,COI,11743,8870,11743,8870,10104,7299,8424,5820,14244,14159
Phakellia_i801_rep3,COI,5937,5099,5937,5099,4644,4095,3634,2971,6605,6323
Phakellia_i661_rep2,COI,11277,8331,11277,8331,9668,6920,8257,5683,13940,13705
Prob_i712_rep1,COI,16528,11101,16528,11101,12649,8154,10084,6566,16650,16344
Phiron_i623_rep1,COI,34608,22032,34608,22032,26240,21671,25815,21366,47181,47158
Prob_i713_4_rep2,COI,3781,3176,3781,3176,2756,2255,1797,1609,3406,3386
Prob_i427_rep2,COI,7861,5353,7861,5353,6328,4088,5464,3253,8717,8493
Prob_i713_5_rep3,COI,6040,4899,6040,4899,4750,3647,3144,2376,5520,5476
Prob_i713_2_rep1,COI,48635,34718,48635,34718,39881,27286,29836,18668,48504,47419
Prob_i629_2_rep1,COI,13304,10390,13304,10390,10974,8403,9353,6804,16157,15701
Prob_i427_rep3,COI,38390,31002,38390,31002,34565,27591,31157,25503,56660,53376
Phakellia_i801_rep1,COI,4359,2940,4359,2940,3483,2267,2913,1823,4736,4667
Prob_i712_rep2,COI,13114,11264,13114,11264,9369,7810,7141,5921,13062,12697
Phiron_i623_rep2,COI,9295,6535,9295,6535,7195,6502,7080,6502,13582,13582
Phakellia_i695_rep2,COI,9165,7001,9165,7001,5929,6606,5823,6553,12376,12357
Prob_i713_5_rep1,COI,9844,10219,9844,10219,7572,8166,5384,5295,10679,10536
Prob_POR1231_rep2,COI,15953,11714,15953,11714,14204,10288,12507,8991,21498,21123
Phakellia_i661_rep3,COI,10234,6911,10234,6911,8394,5694,6862,4858,11720,11597
Pventi_i822_1_rep1,COI,27498,14655,27498,14655,25583,13334,21818,10999,32817,32342
Prob_i713_3_rep2,COI,0,0,NA,NA,NA,NA,NA,NA,NA,NA
Prob_i713_4_rep3,COI,19653,15358,19653,15358,16090,12477,13304,7813,21117,20428
Prob_i629_2_rep2,COI,14640,13437,14640,13437,13150,11555,11517,9715,21232,20732
Pventi_i822_1_rep2,COI,44821,21764,44821,21764,42120,19820,38115,17452,55567,54356
Prob_i713_3_rep3,COI,0,0,NA,NA,NA,NA,NA,NA,NA,NA
Prob_i712_rep3,COI,9150,6704,9150,6704,6490,4292,5198,3105,8303,8232
Prob_i713_2_rep2,COI,24893,18459,24893,18459,21605,15794,18030,12834,30864,30173
Phakellia_i801_rep2,COI,14340,9671,14340,9671,12415,8376,10416,6727,17143,16205
Phakellia_i695_rep3,COI,31185,23079,31185,23079,21296,22385,20800,21956,42756,42734
OC07_rep2,COI,17295,6669,17295,6669,16799,6393,16591,6364,22955,22914
PR4_rep1,COI,3478,1558,3478,1558,3201,1437,3129,1405,4534,4467
NR5_rep1,COI,5724,2960,5724,2960,5449,2787,5324,2774,8098,8098
OC06_rep1,COI,3051,1697,3051,1697,2955,1641,2821,1588,4409,4409
PL20_B_rep3,COI,3079,1569,3079,1569,2895,1444,2863,1400,4263,4263
PL20_D_rep3,COI,3973,2209,3973,2209,3682,2043,3585,2013,5598,5595
Sete05_rep3,COI,9306,2898,9306,2898,8977,2692,8620,2409,11029,10215
Sete09_rep2,COI,23351,8620,23351,8620,21203,7126,19176,5358,24534,23802
Sete07_rep3,COI,23765,7860,23765,7860,23091,7560,21833,7003,28836,27181
Sete10_rep3,COI,9556,3038,9556,3038,8239,2435,7916,2274,10190,9930
COL1_rep1,COI,5201,2868,5201,2868,4764,2595,4662,2575,7237,7219
OC09_rep1,COI,3810,1888,3810,1888,3661,1831,3626,1808,5434,5434
PR1_rep1,COI,2179,1149,2179,1149,1989,771,1955,718,2673,2656
Sete08_rep1,COI,1734,853,1734,853,1448,665,1402,627,2029,1997
SAN02_rep1,COI,1179,464,1179,464,945,323,896,291,1187,1187
PR6_rep3,COI,1803,784,1803,784,1750,754,1722,746,2468,2466
NR4_rep3,COI,2160,898,2160,898,2046,856,2015,849,2864,2864
OC05_rep1,COI,2301,1186,2301,1186,2094,1054,2022,1046,3068,3068
PL20_B_rep1,COI,2269,1236,2269,1236,2115,1146,2043,1089,3132,3132
OC03_rep3,COI,5724,2485,5724,2485,5346,2324,5267,2306,7573,7569
PL20_A_rep3,COI,9152,4841,9152,4841,8184,4348,7754,4210,11964,11854
PR3_rep1,COI,4338,2064,4338,2064,3975,1815,3854,1752,5606,5466
PL20_C_rep3,COI,5941,3021,5941,3021,5561,2788,5426,2724,8150,8150
PR2_rep3,COI,4829,2435,4829,2435,4597,2322,4554,2226,6780,6734
Sete10_rep1,COI,7297,3191,7297,3191,6313,2604,6089,2445,8534,8397
Sete07_rep1,COI,8186,2806,8186,2806,7972,2652,7266,2367,9633,9546
Sete09_rep3,COI,3563,1153,3563,1153,2939,772,2695,607,3302,3302
PR1_rep2,COI,2959,1628,2959,1628,2713,1382,2443,1356,3799,3767
OC08_rep1,COI,4534,1867,4534,1867,4394,1788,4354,1769,6123,6006
NR4_rep1,COI,3243,1334,3243,1334,3049,1243,2983,1228,4211,4206
NR5_rep2,COI,9803,4768,9803,4768,9173,4509,9045,4459,13504,13472
NR3_rep3,COI,9960,5309,9960,5309,9408,5029,9162,4928,14090,13741
COL2_rep3,COI,8477,4217,8477,4217,7731,3690,7254,3645,10899,10742
SAN02_rep2,COI,9232,4207,9232,4207,8406,3530,7765,2301,10066,10066
Sete06_rep3,COI,9674,3879,9674,3879,8595,3405,6141,2320,8461,8254
PL20_D_rep1,COI,4238,1920,4238,1920,3948,1753,3746,1705,5451,5425
OC06_rep2,COI,1948,1033,1948,1033,1798,955,1767,915,2682,2682
NR7_rep1,COI,0,1,NA,NA,NA,NA,NA,NA,NA,NA
OC09_rep2,COI,2277,976,2277,976,1980,854,1946,846,2792,2788
OC07_rep3,COI,954,470,954,470,889,431,886,428,1314,1310
PR5_rep3,COI,1011,515,1011,515,960,494,948,481,1429,1429
COL1_rep2,COI,6721,3367,6721,3367,6066,3030,5934,3004,8938,8907
NR6_rep3,COI,2396,1248,2396,1248,2000,1009,1915,975,2890,2890
OC03_rep1,COI,8337,3379,8337,3379,7734,3084,7524,3038,10562,10547
PL20_A_rep1,COI,6092,3229,6092,3229,5804,3025,5609,2950,8559,8516
OC09_rep3,COI,7898,4169,7898,4169,7605,4002,7470,3959,11429,11415
Sete05_rep2,COI,16088,4872,16088,4872,15415,4494,14491,4188,18679,17567
NR5_rep3,COI,5028,2649,5028,2649,4708,2507,4577,2456,7033,7022
Sete09_rep1,COI,11895,3561,11895,3561,10121,2360,7989,2078,10067,10028
Sete07_rep2,COI,18796,6252,18796,6252,17974,5807,16801,5048,21849,20941
Pos_ctrl+_rep2,COI,7402,3130,7402,3130,7228,3027,7131,3012,10143,10143
PR2_rep1,COI,8205,3642,8205,3642,7922,3477,7789,3431,11220,11162
NR4_rep2,COI,5602,3045,5602,3045,5177,2770,5068,2707,7775,7768
OC08_rep2,COI,5397,2663,5397,2663,5308,2619,5301,2605,7906,7816
PR5_rep1,COI,4620,2082,4620,2082,3700,1639,3559,1593,5152,5116
PL20_D_rep2,COI,2379,1200,2379,1200,2219,1108,2130,1061,3191,3191
PR3_rep2,COI,1980,1121,1980,1121,1638,925,1535,869,2404,2404
PR6_rep2,COI,2708,1275,2708,1275,2569,1193,2530,1178,3708,3679
PR4_rep3,COI,1999,1019,1999,1019,1866,895,1824,863,2687,2687
NR6_rep1,COI,1898,1045,1898,1045,1707,944,1660,939,2599,2599
OC07_rep1,COI,2702,1538,2702,1538,2593,1471,2531,1454,3985,3983
PL20_B_rep2,COI,4434,2181,4434,2181,4114,2020,4034,1901,5935,5935
Sete06_rep1,COI,19616,6789,19616,6789,18226,5988,16862,4829,21691,21428
NR3_rep1,COI,13803,8059,13803,8059,13181,7712,12906,7544,20450,20418
COL2_rep1,COI,6950,3852,6950,3852,6572,3650,6386,3607,9993,9981
Sete08_rep3,COI,4359,1603,4359,1603,3838,1337,3701,1245,4946,4886
PR1_rep3,COI,9521,4272,9521,4272,8557,3789,8291,3687,11978,11908
PL20_C_rep1,COI,3918,1802,3918,1802,3742,1720,3625,1675,5300,5300
NR7_rep2,COI,2240,1315,2240,1315,2185,1278,2182,1277,3459,3459
OC05_rep2,COI,12119,6000,12119,6000,11496,5429,11193,5320,16513,16497
OC06_rep3,COI,4648,2189,4648,2189,4352,1815,3960,1780,5740,5740
COL1_rep3,COI,5585,3039,5585,3039,5178,2782,5055,2741,7796,7796
Sete10_rep2,COI,22163,8012,22163,8012,20381,7102,19025,6549,25574,24585
SAN02_rep3,COI,1007,348,1007,348,822,247,686,225,911,911
PR4_rep2,COI,20200,10044,20200,10044,19418,9392,18972,9128,28100,27869
Sete08_rep2,COI,9906,4386,9906,4386,9044,3954,8756,3558,12314,11833
PR6_rep1,COI,15565,7153,15565,7153,15104,6788,14841,6721,21562,21426
Sete05_rep1,COI,36238,10776,36238,10776,35262,10072,33597,9374,42971,39674
PL20_A_rep2,COI,4744,2978,4744,2978,4449,2782,4283,2708,6991,6935
NR3_rep2,COI,4109,2106,4109,2106,3968,2052,3947,2040,5987,5987
Sete06_rep2,COI,24821,11613,24821,11613,23309,9960,20512,9028,29540,26918
PL20_C_rep2,COI,6815,3070,6815,3070,6427,2888,6247,2817,9064,9056
OC05_rep3,COI,17017,8382,17017,8382,16245,7731,16004,7573,23577,23570
OC08_rep3,COI,5465,2350,5465,2350,5287,2253,5235,2232,7467,7209
OC03_rep2,COI,5068,2132,5068,2132,4850,2021,4777,2016,6793,6790
PR2_rep2,COI,5020,2225,5020,2225,4925,2187,4878,2163,7041,7019
PR5_rep2,COI,6270,3262,6270,3262,5875,2956,5669,2806,8475,8168
PR3_rep3,COI,6939,3604,6939,3604,6100,3023,5884,2874,8758,8536
NR6_rep2,COI,4664,2278,4664,2278,4343,2111,4195,2097,6292,6292
COL2_rep2,COI,83,42,NA,NA,NA,NA,NA,NA,NA,NA
NR7_rep3,COI,4,2,NA,NA,NA,NA,NA,NA,NA,NA
log2_1t_rep2,COI,35506,17626,35506,17626,34567,16846,34004,16511,50515,50398
log2bf_rep1,COI,9528,3853,9528,3853,8843,3330,8411,3075,11486,11445
negF_rep1,COI,989,471,989,471,961,454,945,446,1391,1391
log1_3t_rep1,COI,17345,11123,17345,11123,17025,10808,16896,10694,27590,27573
log3_2t_rep3,COI,31962,16319,31962,16319,31070,15702,30502,15382,45884,45500
log1af_rep3,COI,46632,28293,46632,28293,44980,26767,43632,25674,69306,68138
HEN2_rep1,COI,11030,7420,11030,7420,10708,7175,10581,7129,17710,17710
log2_3t_rep1,COI,18257,9939,18257,9939,17602,9441,17374,9357,26731,26506
log1bf_rep1,COI,21300,12670,21300,12670,20059,11634,19287,10988,30275,30047
log3af_rep3,COI,25659,16147,25659,16147,24742,15412,23852,14615,38467,37733
log3cf_rep3,COI,21619,8951,21619,8951,20763,8319,19431,7705,27136,26430
log1_2t_rep1,COI,16097,9452,16097,9452,15667,9041,15395,8878,24273,24267
log3_2t_rep1,COI,19001,11737,19001,11737,18232,11209,17801,10978,28779,28715
log1_1t_rep3,COI,21464,13103,21464,13103,20717,12447,20263,12200,32463,32384
log3_1t_rep3,COI,36480,20409,36480,20409,35371,19476,34679,19139,53818,52687
log2af_rep1,COI,12224,4087,12224,4087,11429,3561,11018,3315,14333,14297
log3_3t_rep3,COI,22845,11869,22845,11869,22344,11417,21851,11252,33103,33044
log1cf_rep3,COI,30018,19022,30018,19022,28713,17863,27878,17239,45117,44697
log1bf_rep2,COI,31096,17097,31096,17097,29714,15957,28733,15366,44099,43500
log2_2t_rep1,COI,43396,17001,43396,17001,42127,15966,40737,15608,56345,56194
log3cf_rep1,COI,26483,7150,26483,7150,25589,6640,24245,6197,30442,29573
negF_rep2,COI,1142,603,1142,603,1074,557,1074,555,1629,1629
log3bf_rep3,COI,21298,10365,21298,10365,19969,9477,18434,8566,27000,26359
log1af_rep1,COI,32955,13838,32955,13838,31445,12817,30352,12225,42577,41861
log1_3t_rep2,COI,13437,8868,13437,8868,12952,8499,12700,8343,21043,21040
ntc_rep1,COI,637,314,637,314,536,255,536,252,788,788
log2_3t_rep2,COI,15159,6702,15159,6702,14643,6375,14267,6224,20491,20488
log2_1t_rep3,COI,15518,9809,15518,9809,14696,9110,14243,8934,23177,23165
HEN2_rep2,COI,14060,6911,14060,6911,13730,6640,13462,6485,19947,19947
neg_extc_rep3,COI,231,137,231,137,230,107,230,100,330,330
log1_1t_rep1,COI,25932,11777,25932,11777,24701,10872,24047,10624,34671,34431
log3_1t_rep1,COI,17134,8661,17134,8661,16628,8227,16224,8080,24304,24045
log2_3t_rep3,COI,19412,10879,19412,10879,18733,10400,18397,10270,28667,27984
negF_rep3,COI,260,132,260,132,241,129,233,126,359,359
log1cf_rep1,COI,24513,10497,24513,10497,23232,9578,22583,9141,31724,31513
log3cf_rep2,COI,19881,13334,19881,13334,19154,12697,18370,11920,30290,29925
log2_2t_rep2,COI,20350,13044,20350,13044,19518,12345,19052,12170,31222,30626
log1af_rep2,COI,18667,8548,18667,8548,17540,7712,16988,7343,24331,24085
log2af_rep2,COI,12147,6185,12147,6185,11357,5535,10776,5181,15957,15848
log3af_rep2,COI,16339,10533,16339,10533,15794,10023,15190,9469,24659,24542
log2bf_rep3,COI,16389,8981,16389,8981,15571,8247,15039,7788,22827,22665
neg_extc_rep1,COI,327,224,327,224,310,178,310,168,478,468
log2_1t_rep1,COI,31500,23025,31500,23025,30169,21469,29262,21170,50432,50378
log3_2t_rep2,COI,21913,10578,21913,10578,21231,10144,20771,10026,30797,30775
log3bf_rep1,COI,40456,23111,40456,23111,39407,22155,37446,20690,58136,57068
log1bf_rep3,COI,50691,22554,50691,22554,48927,21177,47462,20182,67644,66289
log3_3t_rep1,COI,17151,5534,17151,5534,16762,5297,16404,5208,21612,21579
ntc_rep2,COI,922,556,922,556,840,463,840,463,1303,1303
log1_2t_rep2,COI,23543,11434,23543,11434,22959,10992,22506,10918,33424,33412
log1_3t_rep3,COI,16518,9103,16518,9103,16100,8788,15757,8678,24435,24424
HEN2_rep3,COI,18063,9940,18063,9940,17601,9627,17382,9513,26895,26882
log2bf_rep2,COI,30361,13747,30361,13747,29458,12805,28871,12324,41195,40909
log3af_rep1,COI,35668,23879,35668,23879,34499,22774,32615,21108,53723,52461
log3_1t_rep2,COI,20724,13474,20724,13474,20127,12983,19735,12789,32524,32135
log3bf_rep2,COI,32946,10323,32946,10323,32179,9829,31354,9360,40714,40429
log3_3t_rep2,COI,26842,7819,26842,7819,26336,7509,25766,7437,33203,33183
log1_2t_rep3,COI,27110,13754,27110,13754,26615,13347,26185,13120,39305,39226
log2_2t_rep3,COI,25637,11750,25637,11750,24866,11187,24417,10995,35412,34679
log1_1t_rep2,COI,23073,11292,23073,11292,22431,10819,22088,10660,32748,32680
log1cf_rep2,COI,52450,22824,52450,22824,50825,21525,49604,20723,70327,69588
log2af_rep3,COI,37783,18686,37783,18686,36877,17741,36078,17081,53159,52676
neg_extc_rep2,COI,2382,1116,2382,1116,2332,950,1870,707,2577,2576
ntc_rep3,COI,1463,672,1463,672,1340,607,1336,607,1943,1943
SAN07_rep2,COI,13537,4115,13537,4115,12027,3247,11155,2724,13879,13675
CAL06_rep1,COI,5501,1354,5501,1354,4834,1005,4576,894,5470,5465
SAN06_rep1,COI,6483,2950,6483,2950,5582,2416,5223,1858,7081,7023
BAR04_rep3,COI,25211,8134,25211,8134,22240,6499,20271,5538,25809,25172
CAL02_rep3,COI,16690,5703,16690,5703,15300,4818,14608,4422,19030,18542
BAR02_rep1,COI,8183,2202,8183,2202,7168,1881,6897,1775,8672,8407
CAL03_rep1,COI,8371,3027,8371,3027,7332,2548,6520,1996,8516,8412
SEB02_rep3,COI,16821,6634,16821,6634,15175,5908,14813,5700,20513,20357
SAN05_rep1,COI,12908,4988,12908,4988,11304,4076,10569,3230,13799,13796
BAR04_rep1,COI,4517,1555,4517,1555,3769,1122,3524,907,4431,4420
SAN03_rep3,COI,21494,10854,21494,10854,18855,9264,16120,7879,23999,23008
BAR03_rep3,COI,28538,10702,28538,10702,25234,8697,23548,7836,31384,31030
CAL05_rep1,COI,1434,317,1434,317,1081,188,996,156,1152,1152
BAR05_rep3,COI,18822,5974,18822,5974,17292,4910,16582,4381,20963,20831
CAL04_rep3,COI,3575,1367,3575,1367,2930,937,2782,805,3587,3439
CAL03_rep2,COI,11418,3849,11418,3849,9860,3006,9047,2625,11672,11625
SAN08_rep1,COI,15167,3834,15167,3834,13049,2814,12508,2583,15091,14811
CAL02_rep1,COI,23618,5679,23618,5679,22204,4999,21423,4693,26116,25492
SAN06_rep2,COI,21543,12046,21543,12046,19866,10417,19019,9981,29000,28101
BAR02_rep2,COI,24559,7064,24559,7064,22216,5814,19986,4994,24980,23870
SAN07_rep3,COI,10283,4402,10283,4402,8357,3396,7321,2798,10119,9759
CAL08_rep3,COI,10733,2841,10733,2841,9661,2366,9169,2059,11228,11228
SAN03_rep1,COI,8767,2719,8767,2719,7699,2125,6964,1372,8336,8314
BAR03_rep1,COI,27538,10127,27538,10127,24485,8125,22614,7183,29797,29172
BAR02_rep3,COI,15550,5349,15550,5349,13948,3791,11695,3300,14995,14353
CAL04_rep1,COI,5914,1569,5914,1569,4675,1036,4409,910,5319,5059
SAN08_rep2,COI,25545,10390,25545,10390,22606,7924,21537,7330,28867,28273
CAL08_rep1,COI,3751,1106,3751,1106,3011,824,2829,708,3537,3537
CAL02_rep2,COI,4001,1067,4001,1067,3596,876,3503,826,4329,4242
CAL05_rep2,COI,10659,3319,10659,3319,9015,2445,8341,2135,10476,10414
SEB02_rep2,COI,11225,5533,11225,5533,9633,4948,9162,3382,12544,12449
CAL06_rep3,COI,8306,2891,8306,2891,7032,2199,6314,1836,8150,8021
SAN07_rep1,COI,15425,8159,15425,8159,12769,6173,11631,5727,17358,15900
BAR04_rep2,COI,19894,6563,19894,6563,17168,4608,15889,3909,19798,19148
CAL03_rep3,COI,19025,5488,19025,5488,16616,4148,15652,3777,19429,19269
BAR05_rep1,COI,4360,873,4360,873,3985,712,3836,666,4502,4499
SAN05_rep2,COI,39281,13298,39281,13298,33403,11124,30315,8707,39022,38970
SAN06_rep3,COI,19580,8639,19580,8639,17433,7362,16443,6498,22941,22753
CAL06_rep2,COI,22187,6842,22187,6842,20353,5596,18698,4707,23405,23122
SEB02_rep1,COI,33363,15285,33363,15285,31249,13874,29731,13189,42920,42277
BAR03_rep2,COI,12453,5291,12453,5291,10627,4061,9604,3498,13102,13082
BAR05_rep2,COI,8861,1798,8861,1798,8081,1454,7814,1362,9176,9167
SAN05_rep3,COI,51870,16317,51870,16317,46201,15311,43881,13965,57846,57784
SAN08_rep3,COI,25238,7172,25238,7172,23205,5933,21991,5032,27023,26761
SAN03_rep2,COI,7265,2399,7265,2399,6249,1887,5797,1751,7548,7436
CAL04_rep2,COI,13601,3579,13601,3579,11953,2740,11308,2462,13770,13064
CAL08_rep2,COI,24204,7729,24204,7729,22217,6592,20886,5609,26495,25924
CAL05_rep3,COI,16592,4578,16592,4578,15315,3788,14631,3361,17992,17579
MOR_4_rep2,COI,24462,7335,24462,7335,23601,6811,23123,6744,29867,29807
Nana7_rep1,COI,13827,3447,13827,3447,13504,3291,13360,3283,16643,16564
FW989_rep1,COI,13584,4204,13584,4204,12771,3837,12412,3748,16160,16144
MOR_3_rep1,COI,9320,3755,9320,3755,8953,3517,8768,3490,12258,12254
Nana1_rep3,COI,17865,4916,17865,4916,17530,4747,17313,4732,22045,21938
Nana3_rep3,COI,16498,5486,16498,5486,16169,5293,16002,5264,21266,21132
FW925_rep3,COI,21400,7443,21400,7443,19607,5915,13658,5100,18758,18205
Rcer_JPN_IK_02_rep2,COI,24758,6400,24758,6400,23318,5765,22504,5598,28102,28015
FW932_rep3,COI,34222,15015,34222,15015,30253,12029,26865,8454,35319,34650
Rcer_JPN_IK_03_rep3,COI,23427,4800,23427,4800,22297,4269,21794,4120,25914,25701
FW992_rep1,COI,114,32,NA,NA,NA,NA,NA,NA,NA,NA
MOR_6_rep1,COI,10632,3649,10632,3649,10335,3315,10038,3239,13277,13277
Nana4_rep1,COI,11391,3718,11391,3718,10966,3515,10787,3471,14258,14233
Rcer_JPN_IK_01_rep1,COI,4176,1548,4176,1548,3939,1444,3855,1439,5294,5279
Efra_JPN_YM_01_rep1,COI,2802,974,2802,974,2679,914,2634,909,3543,3541
Nana9_rep3,COI,27216,8620,27216,8620,26750,8407,26582,8314,34896,34154
FW988_rep3,COI,12686,3353,12686,3353,12137,3066,11911,3048,14959,14688
MOR_2_rep1,COI,8339,3030,8339,3030,7890,2766,7775,2668,10443,10443
Nana1_rep1,COI,9608,3458,9608,3458,9228,3198,9104,3174,12278,12226
MOR_1_rep3,COI,13930,4838,13930,4838,13180,4408,12627,4157,16784,16741
MOR_7_rep3,COI,16011,5740,16011,5740,15294,5275,14906,5166,20072,19851
Nana6_rep1,COI,12111,2961,12111,2961,11694,2659,11235,2585,13820,13764
Nana2_rep3,COI,18175,5679,18175,5679,17530,5271,17286,5223,22509,22418
Nana5_rep3,COI,9103,3233,9103,3233,8872,3106,8732,3076,11808,11799
Rcer_JPN_IK_03_rep1,COI,12881,4322,12881,4322,12049,3856,11689,3748,15437,15433
FW932_rep1,COI,16177,7446,16177,7446,13911,5095,12024,3535,15559,15487
Rcer_JPN_IK_02_rep3,COI,9374,2377,9374,2377,8624,2044,8314,1978,10292,10132
Nana4_rep2,COI,7553,2294,7553,2294,7231,2139,7099,2111,9210,9185
MOR_5_rep1,COI,13519,3617,13519,3617,12826,3200,12041,2957,14998,14976
Pos_ctrl+_rep7,COI,25813,6269,25813,6269,25664,6193,25409,6191,31600,31600
FW988_rep1,COI,7500,1726,7500,1726,6993,1568,6790,1543,8333,8173
FW989_rep2,COI,14421,3975,14421,3975,13533,3532,13204,3434,16638,16625
FW987_rep3,COI,12662,4076,12662,4076,11703,3582,11526,3542,15068,15038
FW922_rep3,COI,46728,11096,46728,11096,46317,10814,45507,10763,56270,56265
Efra_JPN_YM_01_rep2,COI,12637,4816,12637,4816,12124,4476,11928,4431,16359,16345
FW9929_rep3,COI,8927,3055,8927,3055,7824,2354,6995,2080,9075,9066
Nana3_rep1,COI,5,5,NA,NA,NA,NA,NA,NA,NA,NA
MOR_3_rep2,COI,4353,1754,4353,1754,4153,1637,4050,1632,5682,5682
FW991_rep1,COI,5906,1606,5906,1606,5603,1490,5557,1462,7019,6829
MOR_6_rep2,COI,10803,2993,10803,2993,10364,2525,10093,2500,12593,12514
MOR_4_rep3,COI,6581,2452,6581,2452,6177,2183,5868,2055,7923,7910
Nana8_rep3,COI,8263,2351,8263,2351,8080,2280,8010,2277,10287,10284
FW992_rep2,COI,0,0,NA,NA,NA,NA,NA,NA,NA,NA
FW990_rep3,COI,14495,4741,14495,4741,13692,4337,13367,4295,17662,17167
MOR_1_rep1,COI,16719,5122,16719,5122,15307,4243,14605,4072,18677,18621
MOR_7_rep1,COI,13531,4475,13531,4475,12951,4195,12503,3985,16488,16469
MOR_6_rep3,COI,6132,2104,6132,2104,5934,2012,5812,1982,7794,7746
FW925_rep2,COI,16594,6393,16594,6393,13964,4900,9268,3825,13093,12824
FW989_rep3,COI,12704,4160,12704,4160,11723,3615,11322,3570,14892,14879
Rcer_JPN_IK_02_rep1,COI,11157,2190,11157,2190,10385,1899,10024,1846,11870,11830
FW932_rep2,COI,18705,8036,18705,8036,14740,5909,12325,3668,15993,15748
Nana5_rep1,COI,11452,3082,11452,3082,11194,2970,11063,2956,14019,13991
FW988_rep2,COI,11190,4800,11190,4800,10458,4353,10248,4313,14561,14175
MOR_5_rep2,COI,19148,7208,19148,7208,18170,6557,17663,6400,24063,23780
Nana8_rep1,COI,8867,2786,8867,2786,8041,2436,7857,2383,10240,10216
Nana3_rep2,COI,1,0,NA,NA,NA,NA,NA,NA,NA,NA
Nana6_rep2,COI,7229,2160,7229,2160,6921,2021,6848,1986,8834,8813
Nana9_rep2,COI,6136,2122,6136,2122,6023,2070,5936,2056,7992,7992
Nana7_rep3,COI,6550,1990,6550,1990,6310,1883,6225,1873,8098,8094
FW990_rep1,COI,3591,1126,3591,1126,3292,995,3182,967,4149,4104
MOR_4_rep1,COI,10472,4721,10472,4721,9542,4042,9319,3939,13258,13251
Nana1_rep2,COI,20054,5515,20054,5515,19587,5340,19285,5279,24564,24423
FW9929_rep1,COI,25922,8627,25922,8627,22088,6577,20224,5968,26192,26114
FW987_rep1,COI,8207,3023,8207,3023,7763,2784,7625,2742,10367,10367
FW922_rep1,COI,37084,10550,37084,10550,36525,10173,36025,9845,45870,45747
Rcer_JPN_IK_01_rep3,COI,10174,2660,10174,2660,9738,2477,9544,2455,11999,11956
Nana4_rep3,COI,18151,4935,18151,4935,17019,4365,16566,4293,20859,20813
Nana2_rep1,COI,9850,2073,9850,2073,9561,1946,9459,1943,11402,11358
FW991_rep2,COI,11691,3899,11691,3899,11194,3627,11000,3567,14567,14201
MOR_2_rep2,COI,17544,5572,17544,5572,16626,5144,16269,5098,21367,21357
MOR_3_rep3,COI,13679,5037,13679,5037,12789,4441,12174,4107,16281,16267
FW992_rep3,COI,17581,6005,17581,6005,16565,5323,16216,5234,21450,21119
Rcer_JPN_IK_03_rep2,COI,15364,3738,15364,3738,14482,3266,14080,3160,17240,17240
Efra_JPN_YM_01_rep3,COI,5123,1653,5123,1653,4795,1493,4768,1476,6244,6244
Nana7_rep2,COI,12003,3380,12003,3380,11664,3221,11512,3214,14726,14547
Rcer_JPN_IK_01_rep2,COI,6090,1807,6090,1807,5788,1682,5694,1666,7360,7354
Nana9_rep1,COI,32794,11466,32794,11466,32090,10913,31482,10752,42234,41269
FW925_rep1,COI,51106,20234,51106,20234,45826,17610,33024,13139,46163,44324
MOR_7_rep2,COI,7324,3160,7324,3160,6948,2931,6815,2878,9693,9693
FW987_rep2,COI,8050,2062,8050,2062,7673,1948,7582,1944,9526,9522
FW9929_rep2,COI,51065,24256,51065,24256,47793,21419,44384,18786,63170,62644
Nana2_rep2,COI,16366,3277,16366,3277,15880,3119,15741,3098,18839,18705
MOR_2_rep3,COI,26297,8494,26297,8494,25535,7905,25139,7771,32910,32904
MOR_5_rep3,COI,18854,5346,18854,5346,18319,5094,17974,4997,22971,22376
MOR_1_rep2,COI,20563,6391,20563,6391,19980,6056,19696,5975,25671,25666
Nana5_rep2,COI,24089,6228,24089,6228,23746,6083,23465,6039,29504,29444
Nana8_rep2,COI,14866,4273,14866,4273,14316,4095,14173,3993,18166,18095
Nana6_rep3,COI,19016,5933,19016,5933,18407,5701,18180,5563,23743,23624
FW990_rep2,COI,15519,3855,15519,3855,14845,3589,14658,3560,18218,17444
FW922_rep2,COI,70032,16371,70032,16371,68724,15879,67678,15302,82980,82897
FW991_rep3,COI,21247,5735,21247,5735,20350,5344,19989,5229,25218,24534
Tlat_JPN_YM_02_rep2,COI,43314,20251,43314,20251,42689,19906,42051,19630,61681,61663
P059_170829_5_rep1,COI,21534,9136,21534,9136,20834,8725,20307,8571,28878,28799
P059_170830_4_rep1,COI,22935,10394,22935,10394,22760,10279,22378,8647,31025,30975
Tlat_JPN_YM_01_rep1,COI,9007,5414,9007,5414,8769,5290,8695,5259,13954,13954
Eflu_JPN_KN_03_rep3,COI,55614,27165,55614,27165,52939,26149,51238,25516,76754,74082
Unkn_JPN_TK_02_rep3,COI,6198,3693,6198,3693,5973,3576,5827,3543,9370,9226
Prob_POR1051_rep2,COI,62440,28079,62440,28079,61001,26980,59350,26128,85478,85364
Prob_POR462_rep3,COI,115634,56854,115634,56854,110493,52802,101560,46989,148549,141812
P059_170802_9_rep1,COI,13141,7974,13141,7974,12838,7785,12548,7614,20162,20059
Eflu_JPN_KN_01_rep1,COI,23347,12422,23347,12422,22858,12122,22466,12009,34475,34295
Unkn_JPN_TK_03_rep1,COI,4395,2637,4395,2637,4262,2547,4226,2511,6737,6735
Prob_POR1050_rep1,COI,12730,7587,12730,7587,12415,7383,12330,7218,19548,19540
P059_170829_4_rep3,COI,14362,7864,14362,7864,13615,7359,13243,7203,20446,20422
P059_170830_3_rep3,COI,18444,7508,18444,7508,18123,7336,17656,6219,23875,23795
Efra_JPN_YM_03_rep1,COI,30767,17272,30767,17272,30171,16868,29789,16691,46480,46299
Eflu_JPN_KN_03_rep1,COI,23725,13883,23725,13883,22932,13261,22302,13018,35320,35220
Efra_JPN_YM_02_rep3,COI,32088,17501,32088,17501,31170,16640,30541,16378,46919,46901
Eflu_JPN_KN_02_rep3,COI,43889,24049,43889,24049,43018,23474,42024,22918,64942,63510
P059_211231_2_rep1,COI,14195,4949,14195,4949,13978,4813,13743,4767,18510,18510
Unkn_JPN_TK_01_rep3,COI,14735,7411,14735,7411,14349,7191,14109,7125,21234,21224
P059_211231_1_rep3,COI,8944,5737,8944,5737,8716,5572,8542,5544,14086,14075
Prob_POR462_rep1,COI,25563,12718,25563,12718,23568,11003,20522,9230,29752,28796
Prob_POR1051_rep3,COI,54767,23875,54767,23875,53709,23283,53243,23026,76269,74963
Unkn_JPN_TK_03_rep2,COI,15467,7744,15467,7744,15256,7599,15064,7560,22624,22622
Tlat_JPN_YM_03_rep1,COI,16923,6055,16923,6055,16635,5934,16456,5880,22336,22321
P059_170830_3_rep1,COI,14108,3945,14108,3945,13880,3854,13548,3286,16834,16295
P059_170830_4_rep2,COI,21548,8296,21548,8296,21348,8180,20944,6827,27771,27731
P059_170830_2_rep3,COI,19249,8427,19249,8427,18927,8239,18556,7143,25699,25394
P059_170802_1_rep3,COI,22090,9046,22090,9046,21522,8698,21060,8513,29573,29313
Prob_i629_1_1_rep3,COI,45154,19031,45154,19031,43536,17907,41675,16714,58389,57808
Unkn_JPN_TK_02_rep1,COI,17720,7161,17720,7161,17315,6936,17051,6828,23879,23754
Tlat_JPN_YM_01_rep2,COI,18276,11794,18276,11794,17795,11486,17576,11344,28920,28905
P059_170802_8_rep1,COI,4787,2049,4787,2049,4705,2013,4609,2007,6616,6584
Eflu_JPN_KN_01_rep2,COI,30540,12414,30540,12414,29761,12032,29239,11892,41131,40851
Tlat_JPN_YM_02_rep3,COI,19172,11165,19172,11165,18730,10881,18358,10788,29146,29146
P059_170829_3_rep3,COI,9086,3993,9086,3993,8795,3781,8633,3759,12392,12392
P059_170802_9_rep2,COI,38375,17615,38375,17615,37629,17000,36660,16676,53336,53078
P059_170802_10_rep3,COI,11644,6043,11644,6043,11415,5862,11153,5805,16958,16871
Efra_JPN_YM_02_rep1,COI,29708,12695,29708,12695,28825,11653,28136,11511,39647,39635
Eflu_JPN_KN_02_rep1,COI,35496,17294,35496,17294,34787,16888,34074,16678,50752,50297
Eflu_JPN_KN_01_rep3,COI,31433,16598,31433,16598,30662,16108,29927,15906,45833,45204
P059_170830_4_rep3,COI,17487,9124,17487,9124,17311,9000,16894,7454,24348,24216
Prob_POR1051_rep1,COI,20458,5686,20458,5686,20114,5412,19737,5328,25065,24981
Prob_POR462_rep2,COI,23267,10995,23267,10995,21350,9594,18740,8034,26774,25878
Pos_ctrl+_rep8,COI,408,207,408,207,381,184,378,182,560,560
P059_211231_1_rep1,COI,11940,5123,11940,5123,11708,4958,11505,4896,16401,16318
P059_170830_3_rep2,COI,16035,10259,16035,10259,15783,9983,15411,8559,23970,23929
Tlat_JPN_YM_03_rep2,COI,20462,11842,20462,11842,20026,11591,19759,11510,31269,31265
P059_170829_3_rep1,COI,23246,12213,23246,12213,22641,11762,21978,11566,33544,33540
Unkn_JPN_TK_02_rep2,COI,8868,4186,8868,4186,8589,4030,8446,3999,12445,12441
P059_211231_2_rep2,COI,56884,28588,56884,28588,55684,27764,54202,27225,81427,81156
P059_170829_4_rep2,COI,22671,14722,22671,14722,21395,13952,20731,13612,34343,34207
P059_170829_5_rep3,COI,8902,4778,8902,4778,8464,4508,8204,4406,12610,12610
P059_170802_10_rep1,COI,11150,5840,11150,5840,10899,5658,10698,5636,16334,16324
Tlat_JPN_YM_02_rep1,COI,19572,12300,19572,12300,19144,12012,18946,11944,30890,30890
Eflu_JPN_KN_03_rep2,COI,24696,11588,24696,11588,23878,11093,23382,10880,34262,33517
Prob_i629_1_1_rep1,COI,43438,17642,43438,17642,40975,15771,38538,14766,53304,52614
P059_170830_2_rep1,COI,15867,8680,15867,8680,15545,8521,15107,7369,22476,21699
P059_170802_1_rep1,COI,30897,16340,30897,16340,30165,15932,29562,15486,45048,44522
Prob_POR1050_rep3,COI,42252,16265,42252,16265,37531,15255,36392,14473,50865,49902
Unkn_JPN_TK_03_rep3,COI,16749,7082,16749,7082,16419,6903,16108,6872,22980,22980
Unkn_JPN_TK_01_rep1,COI,6614,2117,6614,2117,6399,2018,6284,2003,8287,8279
P059_170802_8_rep2,COI,15862,8464,15862,8464,15667,8360,15426,8277,23703,23399
Efra_JPN_YM_03_rep2,COI,50228,22730,50228,22730,48956,22158,48079,21950,70029,69805
Tlat_JPN_YM_01_rep3,COI,34096,17617,34096,17617,33351,17005,32744,16926,49670,49588
P059_170802_9_rep3,COI,16394,8641,16394,8641,16117,8450,15623,8292,23915,23865
P059_170829_5_rep2,COI,15977,7359,15977,7359,15451,7078,15151,6925,22076,22072
Prob_POR1050_rep2,COI,20452,8960,20452,8960,18975,8636,18716,8489,27205,27090
P059_170829_4_rep1,COI,46647,28866,46647,28866,45134,27422,43069,26468,69537,69175
Eflu_JPN_KN_02_rep2,COI,19436,12663,19436,12663,19039,12360,18837,12298,31135,31014
P059_170830_2_rep2,COI,13242,4311,13242,4311,13008,4215,12722,3579,16301,15875
Prob_i629_1_1_rep2,COI,54680,32534,54680,32534,52217,30433,49430,28684,78114,76613
Unkn_JPN_TK_01_rep2,COI,42043,12390,42043,12390,41512,12126,40810,11904,52714,52619
Efra_JPN_YM_03_rep3,COI,39746,19140,39746,19140,39115,18789,38529,18536,57065,56919
Tlat_JPN_YM_03_rep3,COI,23570,9991,23570,9991,23245,9817,22972,9724,32696,32691
Efra_JPN_YM_02_rep2,COI,15724,7733,15724,7733,15304,7444,15170,7393,22563,22563
P059_211231_1_rep2,COI,19598,8549,19598,8549,19336,8360,19021,8334,27355,27334
P059_170829_3_rep2,COI,26213,12829,26213,12829,25583,12390,24788,12099,36887,36862
P059_211231_2_rep3,COI,10583,5317,10583,5317,10403,5216,10266,5203,15469,15469
P059_170802_10_rep2,COI,18056,6700,18056,6700,17819,6592,17570,6539,24109,24102
P059_170802_1_rep2,COI,22484,9571,22484,9571,21983,9209,21608,9035,30643,30418
P059_170802_8_rep3,COI,27759,11192,27759,11192,27369,10989,26886,10849,37735,37297
