taxID,...1,rank
1262161,Rhodophyta,phylum
1262161,Bangiophyceae,class
1262161,Bangiales,order
1262161,Bangiaceae,family
1262161,Neoporphyra,genus
1262161,Neoporphyra haitanensis,species
49265,Bacillariophyta,phylum
49265,Coscinodiscophyceae,class
49265,Thalassiosirales,order
49265,Thalassiosiraceae,family
49265,Thalassiosira,genus
49265,Thalassiosira rotula,species
2766754,Metazoa,kingdom
2766754,Arthropoda,phylum
2766754,Arachnida,class
2766754,Araneae,order
2766754,Leptonetidae,family
2766754,Falcileptoneta,genus
2766754,Falcileptoneta chiakensis,species
2754516,Phaeophyceae,class
2754516,Ralfsiales,order
2754516,Pseudoralfsiaceae,family
2754516,Nuchella,genus
2754516,Nuchella vesicularis,species
10201,Metazoa,kingdom
10201,Ctenophora,phylum
10201,Nuda,class
10201,Beroida,order
10201,Beroidae,family
10201,Beroe,genus
10201,Beroe ovata,species
43925,Eustigmatophyceae,class
43925,Eustigmatales,order
43925,Monodopsidaceae,family
43925,Nannochloropsis,genus
43925,Nannochloropsis oculata,species
1879292,Metazoa,kingdom
1879292,Arthropoda,phylum
1879292,Arachnida,class
1879292,Scorpiones,order
1879292,Buthidae,family
1879292,Hottentotta,genus
1879292,Hottentotta tamulus,species
576674,Metazoa,kingdom
576674,Arthropoda,phylum
576674,Malacostraca,class
576674,Decapoda,order
576674,Callianassidae,family
576674,Nihonotrypaea,genus
576674,Nihonotrypaea japonica,species
2565438,Metazoa,kingdom
2565438,Arthropoda,phylum
2565438,Arachnida,class
2565438,Scorpiones,order
2565438,Buthidae,family
2565438,Centruroides,genus
2565438,Centruroides taino,species
2731906,Metazoa,kingdom
2731906,Arthropoda,phylum
2731906,Arachnida,class
2731906,Scorpiones,order
2731906,Scorpionidae,family
2731906,Srilankametrus,genus
2731906,Srilankametrus gravimanus,species
2769505,Metazoa,kingdom
2769505,Arthropoda,phylum
2769505,Arachnida,class
2769505,Araneae,order
2769505,Leptonetidae,family
2769505,Leptoneta,genus
2769505,Leptoneta setulifera,species
196123,Metazoa,kingdom
196123,Arthropoda,phylum
196123,Arachnida,class
196123,Araneae,order
196123,Idiopidae,family
196123,Misgolas,genus
196123,Misgolas hubbardi,species
1094238,Metazoa,kingdom
1094238,Arthropoda,phylum
1094238,Arachnida,class
1094238,Araneae,order
1094238,Antrodiaetidae,family
1094238,Aliatypus,genus
1094238,Aliatypus thompsoni,species
1003076,Bacillariophyta,phylum
1003076,Mediophyceae,class
1003076,Lithodesmiales,order
1003076,Lithodesmiaceae,family
1003076,Lithodesmium,genus
1003076,Lithodesmium intricatum,species
1470271,Bacillariophyta,phylum
1470271,Fragilariophyceae,class
1470271,Fragilariales,order
1470271,Fragilariaceae,family
1470271,Asterionellopsis,genus
1470271,Asterionellopsis guyunusae,species
33649,Bacillariophyta,phylum
33649,Fragilariophyceae,class
33649,Thalassionemales,order
33649,Thalassionemataceae,family
33649,Thalassionema,genus
33649,Thalassionema nitzschioides,species
1840512,Bacillariophyta,phylum
1840512,Mediophyceae,class
1840512,Anaulales,order
1840512,Anaulaceae,family
1840512,Anaulus,genus
1840512,Anaulus australis,species
1470273,Bacillariophyta,phylum
1470273,Fragilariophyceae,class
1470273,Fragilariales,order
1470273,Fragilariaceae,family
1470273,Asterionellopsis,genus
1470273,Asterionellopsis thurstonii,species
2493998,Metazoa,kingdom
2493998,Mollusca,phylum
2493998,Gastropoda,class
2493998,Pachychilidae,family
2493998,Sulcospira,genus
2493998,Sulcospira paludiformis,species
49249,Bacillariophyta,phylum
49249,Mediophyceae,class
49249,Lithodesmiales,order
49249,Lithodesmiaceae,family
49249,Ditylum,genus
49249,Ditylum brightwellii,species
431581,Bacillariophyta,phylum
431581,Bacillariophyceae,class
431581,Naviculales,order
431581,Pinnulariaceae,family
431581,Pinnularia,genus
431581,Pinnularia viridiformis,species
371682,Bacillariophyta,phylum
371682,Coscinodiscophyceae,class
371682,Thalassiosirales,order
371682,Skeletonemataceae,family
371682,Skeletonema,genus
371682,Skeletonema ardens,species
382380,Bacillariophyta,phylum
382380,Coscinodiscophyceae,class
382380,Stephanodiscales,order
382380,Stephanodiscaceae,family
382380,Cyclostephanos,genus
382380,Cyclostephanos tholiformis,species
97227,Bacillariophyta,phylum
97227,Bacillariophyceae,class
97227,Cymbellales,order
97227,Gomphonemataceae,family
97227,Gomphonema,genus
97227,Gomphonema parvulum,species
265552,Bacillariophyta,phylum
265552,Coscinodiscophyceae,class
265552,Coscinodiscales,order
265552,Coscinodiscaceae,family
265552,Coscinodiscus,genus
265552,Coscinodiscus granii,species
33645,Bacillariophyta,phylum
33645,Fragilariophyceae,class
33645,Fragilariales,order
33645,Fragilariaceae,family
33645,Grammonema,genus
33645,Grammonema striatula,species
1631756,Metazoa,kingdom
1631756,Cnidaria,phylum
1631756,Hydrozoa,class
1631756,Leptothecata,order
1631756,Campanulariidae,family
1631756,Orthopyxis,genus
1631756,Orthopyxis caliculata,species
382370,Bacillariophyta,phylum
382370,Coscinodiscophyceae,class
382370,Stephanodiscales,order
382370,Stephanodiscaceae,family
382370,Stephanodiscus,genus
382370,Stephanodiscus reimerii,species
29209,Bacillariophyta,phylum
29209,Coscinodiscophyceae,class
29209,Stephanodiscales,order
29209,Stephanodiscaceae,family
29209,Stephanodiscus,genus
29209,Stephanodiscus yellowstonensis,species
29208,Bacillariophyta,phylum
29208,Coscinodiscophyceae,class
29208,Stephanodiscales,order
29208,Stephanodiscaceae,family
29208,Stephanodiscus,genus
29208,Stephanodiscus niagarae,species
237455,Bacillariophyta,phylum
237455,Bacillariophyceae,class
237455,Bacillariales,order
237455,Bacillariaceae,family
237455,Pseudo-nitzschia,genus
237455,Pseudo-nitzschia cuspidata,species
433380,Bacillariophyta,phylum
433380,Bacillariophyceae,class
433380,Naviculales,order
433380,Sellaphoraceae,family
433380,Sellaphora,genus
433380,Sellaphora auldreekie,species
41457,Bacillariophyta,phylum
41457,Coscinodiscophyceae,class
41457,Thalassiosirales,order
41457,Skeletonemataceae,family
41457,Skeletonema,genus
41457,Skeletonema pseudocostatum,species
216741,Bacillariophyta,phylum
216741,Bacillariophyceae,class
216741,Naviculales,order
216741,Sellaphoraceae,family
216741,Sellaphora,genus
216741,Sellaphora pupula,species
216823,Bacillariophyta,phylum
216823,Coscinodiscophyceae,class
216823,Thalassiosirales,order
216823,Skeletonemataceae,family
216823,Skeletonema,genus
216823,Skeletonema menzelii,species
267566,Bacillariophyta,phylum
267566,Coscinodiscophyceae,class
267566,Thalassiosirales,order
267566,Skeletonemataceae,family
267566,Skeletonema,genus
267566,Skeletonema dohrnii,species
2843,Bacillariophyta,phylum
2843,Coscinodiscophyceae,class
2843,Thalassiosirales,order
2843,Skeletonemataceae,family
2843,Skeletonema,genus
2843,Skeletonema costatum,species
267567,Bacillariophyta,phylum
267567,Coscinodiscophyceae,class
267567,Thalassiosirales,order
267567,Skeletonemataceae,family
267567,Skeletonema,genus
267567,Skeletonema marinoi,species
267983,Bacillariophyta,phylum
267983,Coscinodiscophyceae,class
267983,Thalassiosirales,order
267983,Skeletonemataceae,family
267983,Skeletonema,genus
267983,Skeletonema japonicum,species
267982,Bacillariophyta,phylum
267982,Coscinodiscophyceae,class
267982,Thalassiosirales,order
267982,Skeletonemataceae,family
267982,Skeletonema,genus
267982,Skeletonema tropicum,species
